Team,Name,Position,PlayerType,Hitting_Score,Pitching_Score,Clutch_Score,Speed_Score,Form_Score,Umpire_Impact_Score,Bullpen_Fatigue_Score,Overall_Score,Team_Score
ARI,Corbin Carroll,LF,Batter,90.6,0.0,53.1,46.0,139.7,14.4,-1,45.5,79.18
ARI,Christian Walker,1B,Batter,74.7,0.0,47.9,7.2,115.7,10.7,-1,35.6,79.18
ARI,Ketel Marte,2B,Batter,61.0,0.0,55.9,10.0,119.5,9.0,0,33.0,79.18
ARI,Eugenio Suárez,3B,Batter,64.9,0.0,44.7,2.0,102.1,14.0,0,31.5,79.18
ARI,Lourdes Gurriel Jr.,LF,Batter,56.2,0.0,36.4,5.6,101.3,7.2,0,27.4,79.18
ARI,Joc Pederson,DH,Batter,48.9,0.0,39.5,5.2,77.4,10.6,0,25.0,79.18
ARI,Gabriel Moreno,C,Batter,47.7,0.0,33.8,5.2,86.7,6.6,0,23.8,79.18
ARI,Alek Thomas,CF,Batter,45.4,0.0,29.9,13.6,86.0,5.6,0,23.1,79.18
ARI,Jordan Lawlar,SS,Batter,43.9,0.0,21.2,11.2,67.8,9.6,0,20.7,79.18
ARI,Geraldo Perdomo,SS,Batter,35.3,0.0,35.4,12.0,69.3,10.3,0,20.5,79.18
ARI,Jake McCarthy,RF,Batter,33.3,0.0,19.1,16.8,47.4,6.2,1,16.7,79.18
ARI,Randal Grichuk,RF,Batter,34.5,0.0,19.5,1.6,56.2,5.8,1,16.2,79.18
ARI,Emmanuel Rivera,3B,Batter,22.0,0.0,13.5,2.0,29.9,3.5,1,10.3,79.18
ARI,Jace Peterson,3B,Batter,20.0,0.0,12.6,4.8,23.6,4.8,1,9.6,79.18
ARI,Deyvison De Los Santos,3B,Batter,21.8,0.0,6.6,0.8,28.8,0.0,1,8.8,79.18
ARI,Elvis Andrus,SS,Batter,17.4,0.0,7.0,2.0,15.6,3.6,1,7.4,79.18
ARI,Kevin Newman,SS,Batter,16.0,0.0,7.5,1.6,16.0,4.8,1,7.1,79.18
ARI,Pavin Smith,RF,Batter,15.1,0.0,8.6,0.0,10.8,5.9,1,6.8,79.18
ARI,Tucker Barnhart,C,Batter,13.7,0.0,9.0,0.0,17.5,3.4,1,6.5,79.18
ARI,Blaze Alexander,SS,Batter,14.4,0.0,4.1,0.8,12.1,0.0,1,5.5,79.18
ARI,Kyle Garlick,LF,Batter,13.5,0.0,5.3,0.0,9.8,1.7,1,5.4,79.18
ARI,Jose Herrera,C,Batter,11.4,0.0,5.7,0.0,9.1,2.9,1,4.9,79.18
ARI,Jorge Barrosa,LF,Batter,10.7,0.0,2.3,0.8,4.5,0.0,1,3.8,79.18
ARI,Ronaldo Hernández,C,Batter,9.6,0.0,3.0,0.0,3.0,0.0,1,3.5,79.18
ARI,Zac Gallen,SP,Pitcher,0.0,52.9,20.8,0.0,60.3,0.0,1,21.4,79.18
ARI,Merrill Kelly,SP,Pitcher,0.0,47.7,19.2,0.0,54.7,0.0,1,19.4,79.18
ARI,Paul Sewald,RP,Pitcher,0.0,55.9,6.4,0.0,25.4,0.0,-2,18.7,79.18
ARI,Eduardo Rodriguez,SP,Pitcher,0.0,44.2,19.2,0.0,49.6,0.0,0,18.1,79.18
ARI,Brandon Pfaadt,SP,Pitcher,0.0,39.1,14.4,0.0,43.9,0.0,0,15.6,79.18
ARI,Kevin Ginkel,RP,Pitcher,0.0,32.6,6.4,0.0,21.4,0.0,-1,11.5,79.18
ARI,Ryne Nelson,SP,Pitcher,0.0,25.9,9.6,0.0,27.7,0.0,1,10.4,79.18
ARI,Logan Allen,SP,Pitcher,0.0,24.1,8.0,0.0,22.4,0.0,0,9.3,79.18
ARI,Scott McGough,RP,Pitcher,0.0,25.4,4.8,0.0,19.5,0.0,-1,9.1,79.18
ARI,Miguel Castro,RP,Pitcher,0.0,24.4,6.4,0.0,18.4,0.0,-1,9.0,79.18
ARI,Drey Jameson,SP,Pitcher,0.0,23.2,8.0,0.0,19.5,0.0,0,8.9,79.18
ARI,Andrew Saalfrank,RP,Pitcher,0.0,24.2,4.8,0.0,18.6,0.0,-1,8.7,79.18
ARI,Joe Mantiply,RP,Pitcher,0.0,21.7,4.8,0.0,14.3,0.0,-1,7.7,79.18
ARI,Tommy Henry,SP,Pitcher,0.0,19.9,6.4,0.0,18.7,0.0,0,7.7,79.18
ARI,Kyle Nelson,RP,Pitcher,0.0,21.4,4.8,0.0,15.4,0.0,-1,7.7,79.18
ARI,Ryan Thompson,RP,Pitcher,0.0,21.2,4.8,0.0,14.9,0.0,-1,7.6,79.18
ARI,Luis Frías,RP,Pitcher,0.0,18.2,3.2,0.0,12.9,0.0,1,6.5,79.18
ARI,Slade Cecconi,SP,Pitcher,0.0,17.3,3.2,0.0,11.4,0.0,0,6.1,79.18
ARI,Justin Martinez,RP,Pitcher,0.0,17.4,1.6,0.0,11.2,0.0,1,6.0,79.18
ARI,Bryce Jarvis,RP,Pitcher,0.0,14.6,3.2,0.0,10.7,0.0,1,5.4,79.18
ARI,Brandon Hughes,RP,Pitcher,0.0,15.3,1.6,0.0,6.6,0.0,0,5.1,79.18
ARI,Konnor Pilkington,SP,Pitcher,0.0,14.8,1.6,0.0,8.2,0.0,0,5.0,79.18
ARI,Chris Rodriguez,SP,Pitcher,0.0,15.1,1.6,0.0,6.0,0.0,0,5.0,79.18
ARI,Cristian Mena,SP,Pitcher,0.0,13.9,1.6,0.0,6.9,0.0,0,4.7,79.18
ARI,Corbin Martin,RP,Pitcher,0.0,12.4,3.2,0.0,8.5,0.0,0,4.6,79.18
ARI,Austin Pope,RP,Pitcher,0.0,13.6,1.6,0.0,4.4,0.0,0,4.5,79.18
ARI,José Castillo,RP,Pitcher,0.0,13.6,1.6,0.0,2.6,0.0,0,4.4,79.18
ARI,Ricky Karcher,RP,Pitcher,0.0,7.7,1.6,0.0,6.8,0.0,0,2.8,79.18
ARI,Blake Walston,SP,Pitcher,0.0,8.7,0.0,0.0,2.5,0.0,0,2.7,79.18
ARI,Francisco Morales,SP,Pitcher,0.0,5.4,1.6,0.0,5.2,0.0,0,2.1,79.18
ARI,Dakota Chalmers,SP,Pitcher,0.0,5.8,0.0,0.0,1.5,0.0,0,1.8,79.18
ARI,Luke Albright,SP,Pitcher,0.0,5.0,0.0,0.0,1.9,0.0,0,1.6,79.18
ATL,Ronald Acuña Jr.,RF,Batter,109.7,0.0,54.4,40.0,160.9,14.4,0,51.9,88.4
ATL,Matt Olson,1B,Batter,92.9,0.0,62.2,2.0,136.3,8.7,-1,43.5,88.4
ATL,Ozzie Albies,2B,Batter,83.2,0.0,46.1,15.6,133.6,10.1,0,39.3,88.4
ATL,Austin Riley,3B,Batter,83.4,0.0,47.5,3.6,141.4,10.1,-1,38.8,88.4
ATL,Michael Harris II,CF,Batter,72.8,0.0,37.5,20.8,125.2,6.0,0,34.6,88.4
ATL,Marcell Ozuna,DH,Batter,69.2,0.0,40.5,2.0,101.1,5.9,0,31.5,88.4
ATL,Sean Murphy,C,Batter,52.5,0.0,39.9,1.2,86.1,20.3,0,26.9,88.4
ATL,Jarred Kelenic,LF,Batter,55.3,0.0,38.8,10.8,84.2,3.5,0,26.9,88.4
ATL,Orlando Arcia,SS,Batter,48.5,0.0,30.2,1.6,88.5,5.6,0,23.2,88.4
ATL,Adam Duvall,CF,Batter,45.8,0.0,22.0,2.8,55.4,6.4,1,20.0,88.4
ATL,Travis d'Arnaud,C,Batter,36.9,0.0,21.7,1.2,54.7,4.8,1,17.1,88.4
ATL,David Fletcher,SS,Batter,17.1,0.0,8.6,1.6,21.3,6.5,1,8.0,88.4
ATL,Forrest Wall,LF,Batter,16.7,0.0,7.9,4.4,13.6,3.8,1,7.5,88.4
ATL,Luis Guillorme,2B,Batter,14.4,0.0,8.0,0.0,17.0,3.1,1,6.5,88.4
ATL,Andrew Velazquez,SS,Batter,13.8,0.0,5.7,2.8,10.5,2.8,1,5.9,88.4
ATL,J.P. Martínez,LF,Batter,13.9,0.0,4.7,2.4,9.8,0.9,1,5.6,88.4
ATL,Luke Williams,SS,Batter,12.9,0.0,3.0,2.4,8.2,0.0,1,4.9,88.4
ATL,Leury Garcia,2B,Batter,12.9,0.0,3.1,0.8,8.6,0.0,1,4.8,88.4
ATL,Eli White,CF,Batter,11.2,0.0,3.8,0.8,2.7,2.8,1,4.4,88.4
ATL,Sebastian Rivero,C,Batter,10.8,0.0,3.7,0.0,7.9,0.0,1,4.2,88.4
ATL,Chadwick Tromp,C,Batter,10.9,0.0,3.2,0.0,3.5,0.0,1,3.9,88.4
ATL,Alejo Lopez,2B,Batter,10.8,0.0,2.4,0.0,1.9,0.0,1,3.7,88.4
ATL,Phillip Evans,3B,Batter,9.4,0.0,2.5,0.0,1.5,0.0,1,3.3,88.4
ATL,Luis Liberato,CF,Batter,7.9,0.0,2.7,0.0,4.0,0.0,1,3.0,88.4
ATL,Spencer Strider,SP,Pitcher,0.0,69.1,25.6,0.0,82.8,0.0,1,27.9,88.4
ATL,Max Fried,SP,Pitcher,0.0,48.4,20.8,0.0,51.8,0.0,0,19.7,88.4
ATL,Raisel Iglesias,RP,Pitcher,0.0,56.2,6.4,0.0,25.1,0.0,-2,18.7,88.4
ATL,Chris Sale,SP,Pitcher,0.0,47.0,16.0,0.0,51.9,0.0,0,18.6,88.4
ATL,Charlie Morton,SP,Pitcher,0.0,44.7,17.6,0.0,52.0,0.0,0,18.1,88.4
ATL,Bryce Elder,SP,Pitcher,0.0,32.9,14.4,0.0,34.9,0.0,1,13.5,88.4
ATL,Reynaldo López,SP,Pitcher,0.0,33.3,9.6,0.0,31.2,0.0,1,12.7,88.4
ATL,A.J. Minter,RP,Pitcher,0.0,33.2,6.4,0.0,23.4,0.0,-1,11.8,88.4
ATL,Joe Jiménez,RP,Pitcher,0.0,30.2,4.8,0.0,24.1,0.0,-1,10.7,88.4
ATL,Pierce Johnson,RP,Pitcher,0.0,29.4,4.8,0.0,24.0,0.0,-1,10.4,88.4
ATL,Aaron Bummer,RP,Pitcher,0.0,26.4,8.0,0.0,21.2,0.0,-1,9.9,88.4
ATL,Dylan Lee,RP,Pitcher,0.0,21.6,4.8,0.0,12.7,0.0,1,7.8,88.4
ATL,Daysbel Hernández,RP,Pitcher,0.0,21.2,4.8,0.0,16.3,0.0,1,7.8,88.4
ATL,AJ Smith-Shawver,SP,Pitcher,0.0,20.4,4.8,0.0,17.3,0.0,0,7.5,88.4
ATL,Tyler Matzek,RP,Pitcher,0.0,20.6,3.2,0.0,12.3,0.0,1,7.2,88.4
ATL,Jesse Chavez,RP,Pitcher,0.0,20.2,3.2,0.0,14.1,0.0,1,7.2,88.4
ATL,Ray Kerr,RP,Pitcher,0.0,19.6,3.2,0.0,13.5,0.0,1,7.0,88.4
ATL,Allan Winans,SP,Pitcher,0.0,16.4,3.2,0.0,7.0,0.0,0,5.7,88.4
ATL,Jackson Stephens,RP,Pitcher,0.0,16.1,3.2,0.0,8.9,0.0,1,5.7,88.4
ATL,Huascar Ynoa,RP,Pitcher,0.0,15.8,3.2,0.0,10.7,0.0,0,5.6,88.4
ATL,Darius Vines,SP,Pitcher,0.0,15.1,3.2,0.0,7.9,0.0,0,5.3,88.4
ATL,Hurston Waldrep,SP,Pitcher,0.0,14.7,1.6,0.0,8.1,0.0,0,5.0,88.4
ATL,Charlie Culberson,RP,Pitcher,13.0,0.0,3.8,0.8,12.0,0.0,-1,4.9,88.4
ATL,Angel Perdomo,SP,Pitcher,0.0,14.5,1.6,0.0,4.7,0.0,0,4.8,88.4
ATL,Ian Anderson,SP,Pitcher,0.0,13.2,3.2,0.0,7.3,0.0,0,4.7,88.4
ATL,Tommy Doyle,RP,Pitcher,0.0,12.5,1.6,0.0,7.2,0.0,0,4.3,88.4
ATL,Ken Giles,RP,Pitcher,0.0,11.5,1.6,0.0,9.3,0.0,0,4.1,88.4
ATL,Dylan Dodd,SP,Pitcher,0.0,11.3,1.6,0.0,5.4,0.0,0,3.8,88.4
ATL,Grant Holmes,SP,Pitcher,0.0,9.2,1.6,0.0,4.4,0.0,0,3.2,88.4
ATL,Jake Walsh,RP,Pitcher,0.0,6.8,1.6,0.0,5.0,0.0,0,2.5,88.4
ATL,Zach Logue,SP,Pitcher,0.0,6.5,1.6,0.0,5.0,0.0,0,2.4,88.4
BAL,Gunnar Henderson,3B,Batter,73.7,0.0,49.1,17.2,123.0,5.6,0,36.2,68.6
BAL,Anthony Santander,RF,Batter,71.5,0.0,44.2,3.2,113.0,7.8,0,33.5,68.6
BAL,Cedric Mullins,CF,Batter,67.9,0.0,44.5,22.8,104.6,4.2,0,33.4,68.6
BAL,Adley Rutschman,C,Batter,57.7,0.0,56.9,1.2,119.5,9.2,0,31.5,68.6
BAL,Ryan Mountcastle,1B,Batter,59.8,0.0,34.1,4.0,97.1,5.2,0,27.7,68.6
BAL,Austin Hays,LF,Batter,54.5,0.0,38.4,5.2,104.8,4.7,0,27.1,68.6
BAL,Jordan Westburg,2B,Batter,49.4,0.0,29.3,7.2,83.2,4.1,0,23.4,68.6
BAL,Jackson Holliday,SS,Batter,46.6,0.0,17.5,14.8,91.4,0.0,1,21.5,68.6
BAL,Ryan O'Hearn,1B,Batter,46.5,0.0,20.9,3.2,69.6,3.8,1,20.5,68.6
BAL,Colton Cowser,CF,Batter,36.2,0.0,32.7,5.6,64.8,13.1,0,19.8,68.6
BAL,Jorge Mateo,SS,Batter,34.3,0.0,15.5,15.6,42.9,3.0,1,15.9,68.6
BAL,Ramón Urías,3B,Batter,29.1,0.0,19.7,2.4,51.5,7.2,1,14.6,68.6
BAL,Heston Kjerstad,RF,Batter,26.6,0.0,15.5,2.0,41.9,1.6,1,12.3,68.6
BAL,James McCann,C,Batter,22.8,0.0,9.3,1.2,29.7,4.5,1,9.9,68.6
BAL,Terrin Vavra,RF,Batter,17.5,0.0,9.2,1.6,19.3,3.2,1,7.9,68.6
BAL,Coby Mayo,3B,Batter,19.4,0.0,6.3,0.8,21.3,0.0,1,7.7,68.6
BAL,Kyle Stowers,LF,Batter,13.7,0.0,6.1,0.0,9.8,1.7,1,5.6,68.6
BAL,Tyler Nevin,3B,Batter,13.2,0.0,4.7,0.0,6.1,4.8,1,5.3,68.6
BAL,Ryan McKenna,CF,Batter,12.7,0.0,4.8,0.8,9.3,2.8,1,5.2,68.6
BAL,Diego Castillo,SS,Batter,13.0,0.0,4.0,0.8,9.5,0.0,1,5.0,68.6
BAL,Connor Norby,2B,Batter,13.0,0.0,3.3,0.8,7.5,0.0,1,4.8,68.6
BAL,Michael Perez,C,Batter,9.0,0.0,2.7,0.0,4.1,0.0,1,3.3,68.6
BAL,Corbin Burnes,SP,Pitcher,0.0,58.7,20.8,0.0,66.8,0.0,1,23.4,68.6
BAL,Grayson Rodriguez,SP,Pitcher,0.0,49.4,19.2,0.0,55.1,0.0,0,19.9,68.6
BAL,Craig Kimbrel,RP,Pitcher,0.0,53.9,8.0,0.0,27.2,0.0,-2,18.4,68.6
BAL,Dean Kremer,SP,Pitcher,0.0,39.9,16.0,0.0,46.0,0.0,0,16.2,68.6
BAL,Kyle Bradish,SP,Pitcher,0.0,34.8,11.2,0.0,32.7,0.0,0,13.4,68.6
BAL,Tyler Wells,SP,Pitcher,0.0,31.9,9.6,0.0,29.2,0.0,1,12.2,68.6
BAL,John Means,SP,Pitcher,0.0,29.7,11.2,0.0,29.4,0.0,0,11.8,68.6
BAL,Yennier Cano,RP,Pitcher,0.0,31.7,6.4,0.0,19.6,0.0,-1,11.2,68.6
BAL,Cole Irvin,SP,Pitcher,0.0,24.3,8.0,0.0,21.7,0.0,1,9.4,68.6
BAL,Danny Coulombe,RP,Pitcher,0.0,25.5,4.8,0.0,18.6,0.0,-1,9.1,68.6
BAL,Jacob Webb,RP,Pitcher,0.0,22.1,4.8,0.0,17.6,0.0,-1,8.0,68.6
BAL,Cionel Pérez,RP,Pitcher,0.0,21.6,4.8,0.0,15.8,0.0,-1,7.8,68.6
BAL,Mike Baumann,RP,Pitcher,0.0,20.9,4.8,0.0,15.2,0.0,1,7.6,68.6
BAL,Bryan Baker,RP,Pitcher,0.0,20.7,3.2,0.0,13.8,0.0,1,7.3,68.6
BAL,Dillon Tate,RP,Pitcher,0.0,20.2,4.8,0.0,13.7,0.0,-1,7.3,68.6
BAL,Keegan Akin,RP,Pitcher,0.0,20.6,3.2,0.0,13.2,0.0,1,7.2,68.6
BAL,Bruce Zimmermann,SP,Pitcher,0.0,17.3,3.2,0.0,10.2,0.0,0,6.1,68.6
BAL,Nick Vespi,RP,Pitcher,0.0,17.3,3.2,0.0,9.5,0.0,1,6.1,68.6
BAL,Tucker Davidson,RP,Pitcher,0.0,14.6,1.6,0.0,7.9,0.0,0,4.9,68.6
BAL,Chayce McDermott,SP,Pitcher,0.0,13.6,1.6,0.0,7.8,0.0,0,4.6,68.6
BAL,Kaleb Ort,RP,Pitcher,0.0,13.8,1.6,0.0,6.6,0.0,0,4.6,68.6
BAL,Cade Povich,SP,Pitcher,0.0,13.3,1.6,0.0,5.7,0.0,0,4.4,68.6
BAL,Jonathan Heasley,SP,Pitcher,0.0,12.5,1.6,0.0,6.3,0.0,0,4.2,68.6
BAL,Matt Krook,RP,Pitcher,0.0,12.0,1.6,0.0,4.7,0.0,0,4.0,68.6
BAL,Seth Johnson,SP,Pitcher,0.0,11.7,1.6,0.0,3.5,0.0,0,3.9,68.6
BAL,Noah Denoyer,RP,Pitcher,0.0,10.4,0.0,0.0,3.4,0.0,0,3.3,68.6
BAL,Andrew Suárez,RP,Pitcher,0.0,10.4,0.0,0.0,2.2,0.0,0,3.2,68.6
BAL,Félix Bautista,RP,Pitcher,0.0,0.0,0.0,0.0,0.0,0.0,0,0.0,68.6
BAL,Ronald Guzmán,RP,Pitcher,0.0,0.0,0.0,0.0,0.0,0.0,0,0.0,68.6
BOS,Rafael Devers,3B,Batter,82.4,0.0,50.9,4.0,133.0,13.1,-1,39.0,68.94
BOS,Triston Casas,1B,Batter,66.0,0.0,54.1,3.2,107.9,4.7,-1,32.8,68.94
BOS,Tyler O'Neill,LF,Batter,64.8,0.0,38.6,12.4,94.4,3.7,0,30.3,68.94
BOS,Jarren Duran,CF,Batter,57.4,0.0,42.3,27.2,97.0,5.5,0,30.1,68.94
BOS,Trevor Story,SS,Batter,64.1,0.0,33.6,16.0,91.2,3.8,0,29.5,68.94
BOS,Masataka Yoshida,LF,Batter,59.5,0.0,36.0,8.0,112.1,9.1,0,29.1,68.94
BOS,Vaughn Grissom,SS,Batter,49.0,0.0,28.7,15.2,95.2,10.7,0,24.9,68.94
BOS,Ceddanne Rafaela,CF,Batter,48.8,0.0,26.5,14.8,77.0,5.1,0,23.3,68.94
BOS,Wilyer Abreu,RF,Batter,42.3,0.0,27.8,6.4,62.9,2.8,1,20.2,68.94
BOS,Connor Wong,C,Batter,36.8,0.0,23.2,6.0,60.9,5.4,1,17.9,68.94
BOS,Rob Refsnyder,LF,Batter,24.7,0.0,20.1,3.2,35.6,8.5,1,12.8,68.94
BOS,Bobby Dalbec,1B,Batter,24.9,0.0,11.0,2.8,27.3,1.3,1,10.6,68.94
BOS,Reese McGuire,C,Batter,20.6,0.0,15.2,2.4,38.1,2.7,1,10.5,68.94
BOS,Enmanuel Valdez,2B,Batter,23.6,0.0,11.8,2.8,27.6,2.6,1,10.4,68.94
BOS,Dalton Guthrie,3B,Batter,20.9,0.0,13.2,4.4,23.1,7.0,1,10.2,68.94
BOS,Pablo Reyes,SS,Batter,18.4,0.0,9.4,2.0,20.8,5.5,1,8.4,68.94
BOS,Romy Gonzalez,2B,Batter,17.9,0.0,6.7,3.6,15.9,0.6,1,7.4,68.94
BOS,David Hamilton,SS,Batter,13.7,0.0,4.2,0.8,4.2,4.6,1,5.4,68.94
BOS,Roberto Pérez,C,Batter,12.7,0.0,5.2,0.0,7.2,2.2,1,5.1,68.94
BOS,Tyler Heineman,C,Batter,10.7,0.0,4.7,0.0,5.0,10.1,1,5.0,68.94
BOS,Joe Dunand,SS,Batter,11.2,0.0,3.5,0.8,9.6,0.0,1,4.4,68.94
BOS,Mark Contreras,LF,Batter,11.6,0.0,3.1,0.8,6.7,0.0,1,4.3,68.94
BOS,Mark Kolozsvary,C,Batter,9.5,0.0,3.0,0.0,6.6,0.0,1,3.6,68.94
BOS,Eddy Alvarez,3B,Batter,9.5,0.0,2.7,0.8,5.1,0.0,1,3.6,68.94
BOS,Nick Pivetta,SP,Pitcher,0.0,49.3,17.6,0.0,57.3,0.0,0,19.7,68.94
BOS,Kenley Jansen,RP,Pitcher,0.0,51.4,6.4,0.0,22.0,0.0,-2,17.2,68.94
BOS,Brayan Bello,SP,Pitcher,0.0,39.9,19.2,0.0,45.6,0.0,0,16.7,68.94
BOS,Kutter Crawford,SP,Pitcher,0.0,40.9,12.8,0.0,45.4,0.0,0,16.0,68.94
BOS,Tanner Houck,SP,Pitcher,0.0,33.9,11.2,0.0,33.9,0.0,0,13.2,68.94
BOS,Garrett Whitlock,SP,Pitcher,0.0,33.1,9.6,0.0,29.8,0.0,1,12.6,68.94
BOS,Michael Fulmer,RP,Pitcher,0.0,32.3,6.4,0.0,20.4,0.0,-1,11.4,68.94
BOS,Chris Martin,RP,Pitcher,0.0,30.9,6.4,0.0,17.7,0.0,-1,10.9,68.94
BOS,Josh Winckowski,RP,Pitcher,0.0,26.6,6.4,0.0,24.1,0.0,-1,9.9,68.94
BOS,Greg Weissert,RP,Pitcher,0.0,22.3,4.8,0.0,17.6,0.0,-1,8.1,68.94
BOS,Isaiah Campbell,RP,Pitcher,0.0,21.7,6.4,0.0,16.8,0.0,-1,8.1,68.94
BOS,Cooper Criswell,RP,Pitcher,0.0,20.4,6.4,0.0,20.0,0.0,0,7.9,68.94
BOS,Brennan Bernardino,RP,Pitcher,0.0,22.7,3.2,0.0,17.6,0.0,-1,7.9,68.94
BOS,Chris Murphy,RP,Pitcher,0.0,18.1,4.8,0.0,15.5,0.0,1,6.8,68.94
BOS,Joely Rodríguez,RP,Pitcher,0.0,19.4,3.2,0.0,14.8,0.0,-1,6.8,68.94
BOS,Justin Slaten,RP,Pitcher,0.0,17.2,4.8,0.0,15.4,0.0,1,6.6,68.94
BOS,Bryan Mata,SP,Pitcher,0.0,16.8,3.2,0.0,14.4,0.0,1,6.1,68.94
BOS,Andrew Politi,RP,Pitcher,0.0,16.9,1.6,0.0,9.1,0.0,0,5.7,68.94
BOS,Wyatt Mills,RP,Pitcher,0.0,15.3,3.2,0.0,11.3,0.0,1,5.6,68.94
BOS,Zack Kelly,RP,Pitcher,0.0,14.9,3.2,0.0,10.1,0.0,1,5.4,68.94
BOS,Luis Guerrero,RP,Pitcher,0.0,14.1,3.2,0.0,11.9,0.0,1,5.2,68.94
BOS,Liam Hendriks,RP,Pitcher,0.0,15.5,1.6,0.0,2.9,0.0,0,5.0,68.94
BOS,Brandon Walter,RP,Pitcher,0.0,13.2,3.2,0.0,7.6,0.0,0,4.7,68.94
BOS,Joe Jacques,RP,Pitcher,0.0,12.5,1.6,0.0,5.1,0.0,0,4.2,68.94
BOS,Lucas Luetge,RP,Pitcher,0.0,11.7,1.6,0.0,5.0,0.0,0,3.9,68.94
BOS,Jorge Benitez,RP,Pitcher,0.0,9.3,1.6,0.0,5.6,0.0,0,3.3,68.94
BOS,Frank German,RP,Pitcher,0.0,10.2,0.0,0.0,1.9,0.0,0,3.1,68.94
BOS,Melvin Adon,RP,Pitcher,0.0,7.2,0.0,0.0,2.8,0.0,0,2.3,68.94
BOS,Lucas Giolito,SP,Pitcher,0.0,0.0,0.0,0.0,0.0,0.0,0,0.0,68.94
CHC,Dansby Swanson,SS,Batter,70.8,0.0,48.9,12.4,120.9,7.7,-1,35.0,73.32
CHC,Ian Happ,LF,Batter,64.6,0.0,62.6,11.6,112.2,10.3,0,35.0,73.32
CHC,Nico Hoerner,2B,Batter,65.0,0.0,41.8,29.6,128.3,14.8,0,34.4,73.32
CHC,Cody Bellinger,CF,Batter,72.3,0.0,38.2,13.2,113.1,7.9,0,33.6,73.32
CHC,Seiya Suzuki,RF,Batter,62.4,0.0,47.8,7.6,110.9,5.3,0,31.3,73.32
CHC,Christopher Morel,2B,Batter,65.5,0.0,37.5,11.6,94.2,3.8,0,30.3,73.32
CHC,Patrick Wisdom,3B,Batter,49.4,0.0,23.4,3.2,59.2,3.4,1,21.3,73.32
CHC,Pete Crow-Armstrong,CF,Batter,38.7,0.0,33.3,9.2,51.5,3.5,-1,19.6,73.32
CHC,Michael Busch,3B,Batter,39.7,0.0,28.7,2.8,64.2,2.7,0,19.2,73.32
CHC,Yan Gomes,C,Batter,37.4,0.0,20.9,2.0,61.7,8.7,1,17.7,73.32
CHC,Mike Tauchman,CF,Batter,27.2,0.0,25.1,4.0,45.8,7.8,1,14.8,73.32
CHC,David Peralta,LF,Batter,31.6,0.0,16.9,4.0,51.7,2.8,1,14.7,73.32
CHC,Miguel Amaya,C,Batter,26.7,0.0,15.2,0.8,36.3,15.8,1,13.1,73.32
CHC,Nick Madrigal,3B,Batter,23.1,0.0,13.7,6.0,43.2,8.8,1,12.0,73.32
CHC,Garrett Cooper,1B,Batter,26.5,0.0,14.8,1.2,35.5,2.6,1,11.9,73.32
CHC,Matt Mervis,1B,Batter,28.0,0.0,11.4,0.8,32.3,3.7,1,11.8,73.32
CHC,Matt Shaw,SS,Batter,17.4,0.0,5.1,4.4,13.7,0.0,1,6.9,73.32
CHC,Kevin Alcántara,CF,Batter,16.2,0.0,5.3,2.8,12.1,0.0,1,6.4,73.32
CHC,Miles Mastrobuoni,3B,Batter,14.4,0.0,5.6,1.6,10.6,2.9,1,6.0,73.32
CHC,Alexander Canario,CF,Batter,15.2,0.0,4.3,0.8,11.3,0.0,1,5.8,73.32
CHC,David Bote,2B,Batter,12.5,0.0,3.7,0.0,8.2,0.0,1,4.7,73.32
CHC,Luis Vazquez,SS,Batter,12.3,0.0,3.3,0.8,8.0,0.0,1,4.6,73.32
CHC,Brennen Davis,CF,Batter,10.6,0.0,2.7,0.0,4.5,0.0,1,3.8,73.32
CHC,Joe Hudson,C,Batter,8.1,0.0,1.4,0.0,2.5,0.0,1,2.8,73.32
CHC,Justin Steele,SP,Pitcher,0.0,48.0,19.2,0.0,53.4,0.0,0,19.4,73.32
CHC,Shota Imanaga,SP,Pitcher,0.0,48.8,16.0,0.0,54.7,0.0,0,19.2,73.32
CHC,Adbert Alzolay,SP,Pitcher,0.0,53.6,6.4,0.0,23.3,0.0,-2,17.9,73.32
CHC,Jameson Taillon,SP,Pitcher,0.0,38.2,14.4,0.0,42.5,0.0,0,15.3,73.32
CHC,Héctor Neris,RP,Pitcher,0.0,35.0,8.0,0.0,24.5,0.0,-1,12.6,73.32
CHC,Kyle Hendricks,SP,Pitcher,0.0,30.4,12.8,0.0,31.8,0.0,0,12.3,73.32
CHC,Jordan Wicks,SP,Pitcher,0.0,30.4,11.2,0.0,32.1,0.0,0,12.1,73.32
CHC,Drew Smyly,SP,Pitcher,0.0,30.4,11.2,0.0,30.7,0.0,1,12.1,73.32
CHC,Julian Merryweather,RP,Pitcher,0.0,30.5,4.8,0.0,23.9,0.0,-1,10.8,73.32
CHC,Javier Assad,SP,Pitcher,0.0,24.9,6.4,0.0,23.1,0.0,1,9.4,73.32
CHC,Mark Leiter Jr.,RP,Pitcher,0.0,25.8,4.8,0.0,20.4,0.0,-1,9.2,73.32
CHC,Hayden Wesneski,SP,Pitcher,0.0,23.0,6.4,0.0,18.4,0.0,0,8.6,73.32
CHC,Luke Little,RP,Pitcher,0.0,22.2,3.2,0.0,15.0,0.0,1,7.8,73.32
CHC,Jose Cuas,RP,Pitcher,0.0,21.6,4.8,0.0,17.3,0.0,-1,7.8,73.32
CHC,Ben Brown,SP,Pitcher,0.0,21.1,4.8,0.0,13.9,0.0,0,7.6,73.32
CHC,Yency Almonte,RP,Pitcher,0.0,21.1,3.2,0.0,15.7,0.0,1,7.5,73.32
CHC,Daniel Palencia,RP,Pitcher,0.0,20.1,3.2,0.0,15.6,0.0,1,7.2,73.32
CHC,Keegan Thompson,SP,Pitcher,0.0,15.9,3.2,0.0,9.8,0.0,1,5.7,73.32
CHC,Richard Lovelady,RP,Pitcher,0.0,15.9,1.6,0.0,5.7,0.0,0,5.2,73.32
CHC,Chris Clarke,SP,Pitcher,0.0,15.4,1.6,0.0,5.4,0.0,0,5.1,73.32
CHC,Ethan Roberts,RP,Pitcher,0.0,14.5,1.6,0.0,5.1,0.0,0,4.8,73.32
CHC,Caleb Kilian,SP,Pitcher,0.0,13.9,1.6,0.0,5.7,0.0,0,4.6,73.32
CHC,Cam Sanders,SP,Pitcher,0.0,12.4,1.6,0.0,5.3,0.0,0,4.2,73.32
CHC,Edwin Escobar,RP,Pitcher,0.0,10.8,1.6,0.0,2.9,0.0,0,3.6,73.32
CHC,Colten Brewer,RP,Pitcher,0.0,9.3,0.0,0.0,3.4,0.0,0,2.9,73.32
CHC,Brad Wieck,RP,Pitcher,0.0,8.5,0.0,0.0,2.5,0.0,0,2.6,73.32
CHW,Luis Robert Jr.,CF,Batter,83.1,0.0,36.9,14.8,124.1,10.9,0,37.5,62.1
CHW,Andrew Vaughn,1B,Batter,58.6,0.0,35.8,1.2,105.1,10.9,0,28.1,62.1
CHW,Eloy Jiménez,DH,Batter,60.2,0.0,30.9,0.0,97.5,3.4,0,26.9,62.1
CHW,Andrew Benintendi,LF,Batter,46.4,0.0,41.0,10.4,105.9,6.9,0,25.7,62.1
CHW,Yoán Moncada,3B,Batter,47.7,0.0,31.3,3.6,90.4,3.9,0,23.2,62.1
CHW,Nicky Lopez,2B,Batter,29.7,0.0,27.1,10.4,67.4,12.8,0,17.5,62.1
CHW,Dominic Fletcher,CF,Batter,33.3,0.0,26.0,6.8,64.7,2.4,1,17.3,62.1
CHW,Paul DeJong,SS,Batter,36.3,0.0,16.8,1.6,50.4,4.6,1,16.0,62.1
CHW,Robbie Grossman,LF,Batter,27.7,0.0,24.3,4.4,40.2,6.0,1,14.4,62.1
CHW,Gavin Sheets,RF,Batter,31.5,0.0,18.1,0.8,42.0,4.5,1,14.3,62.1
CHW,Martín Maldonado,C,Batter,25.9,0.0,14.6,0.0,35.6,3.6,1,11.7,62.1
CHW,Max Stassi,C,Batter,24.8,0.0,8.1,1.2,36.6,0.0,1,10.3,62.1
CHW,Lenyn Sosa,2B,Batter,23.6,0.0,9.2,0.8,30.9,0.9,1,9.9,62.1
CHW,Colson Montgomery,SS,Batter,22.1,0.0,8.1,2.0,33.5,0.0,1,9.4,62.1
CHW,Oscar Colás,RF,Batter,19.2,0.0,8.6,0.4,24.8,2.0,1,8.3,62.1
CHW,Braden Shewmake,SS,Batter,18.1,0.0,6.7,3.6,20.7,0.0,1,7.6,62.1
CHW,Brett Phillips,CF,Batter,15.5,0.0,8.2,3.2,12.8,2.0,1,6.9,62.1
CHW,Korey Lee,C,Batter,15.7,0.0,7.6,1.6,15.7,1.9,1,6.8,62.1
CHW,José Rodríguez,SS,Batter,17.5,0.0,3.9,3.2,13.7,0.0,1,6.7,62.1
CHW,Rafael Ortega,LF,Batter,13.6,0.0,7.0,1.6,9.9,4.4,1,6.1,62.1
CHW,Danny Mendick,3B,Batter,13.7,0.0,5.4,0.8,12.5,1.8,1,5.7,62.1
CHW,Carlos Pérez,C,Batter,13.0,0.0,6.5,0.0,11.5,2.7,1,5.6,62.1
CHW,Wynton Bernard,CF,Batter,13.4,0.0,3.1,1.6,10.1,0.0,1,5.1,62.1
CHW,Zach Remillard,2B,Batter,12.3,0.0,4.1,0.8,9.7,1.3,1,4.9,62.1
CHW,Bryan Ramos,2B,Batter,12.6,0.0,3.4,0.8,7.1,0.0,1,4.7,62.1
CHW,Peyton Burdick,CF,Batter,10.9,0.0,3.8,0.0,4.6,2.4,1,4.3,62.1
CHW,Zach DeLoach,RF,Batter,11.4,0.0,3.5,0.0,8.6,0.0,1,4.3,62.1
CHW,Chuckie Robinson,C,Batter,11.2,0.0,3.2,0.0,6.5,0.0,1,4.2,62.1
CHW,Erick Fedde,SP,Pitcher,0.0,31.5,11.2,0.0,36.9,0.0,0,12.6,62.1
CHW,Michael Kopech,RP,Pitcher,0.0,32.0,8.0,0.0,32.7,0.0,1,12.1,62.1
CHW,Garrett Crochet,SP,Pitcher,0.0,31.9,8.0,0.0,30.2,0.0,1,12.0,62.1
CHW,Michael Soroka,SP,Pitcher,0.0,29.5,9.6,0.0,32.2,0.0,0,11.6,62.1
CHW,Drew Thorpe,SP,Pitcher,0.0,27.3,8.0,0.0,24.4,0.0,0,10.4,62.1
CHW,John Brebbia,RP,Pitcher,0.0,29.3,4.8,0.0,18.5,0.0,-1,10.2,62.1
CHW,Chris Flexen,SP,Pitcher,0.0,24.8,8.0,0.0,28.1,0.0,0,9.8,62.1
CHW,Nick Nastrini,SP,Pitcher,0.0,24.3,6.4,0.0,26.9,0.0,0,9.3,62.1
CHW,Steven Wilson,RP,Pitcher,0.0,26.8,3.2,0.0,19.5,0.0,-1,9.2,62.1
CHW,Jordan Leasure,RP,Pitcher,0.0,25.5,4.8,0.0,18.1,0.0,-1,9.0,62.1
CHW,Tanner Banks,RP,Pitcher,0.0,21.2,3.2,0.0,15.1,0.0,-1,7.4,62.1
CHW,Corey Knebel,RP,Pitcher,0.0,20.9,3.2,0.0,8.4,0.0,0,7.1,62.1
CHW,Alex Speas,RP,Pitcher,0.0,19.6,3.2,0.0,15.9,0.0,1,7.0,62.1
CHW,Touki Toussaint,RP,Pitcher,0.0,17.8,4.8,0.0,14.8,0.0,1,6.7,62.1
CHW,Jared Shuster,SP,Pitcher,0.0,15.7,4.8,0.0,13.7,0.0,0,6.0,62.1
CHW,Tim Hill,RP,Pitcher,0.0,16.3,4.8,0.0,11.0,0.0,-1,6.0,62.1
CHW,Deivi García,RP,Pitcher,0.0,16.7,1.6,0.0,9.2,0.0,0,5.6,62.1
CHW,Dominic Leone,RP,Pitcher,0.0,16.3,1.6,0.0,11.2,0.0,1,5.6,62.1
CHW,Jake Cousins,SP,Pitcher,0.0,16.6,1.6,0.0,7.2,0.0,0,5.5,62.1
CHW,Prelander Berroa,SP,Pitcher,0.0,16.2,1.6,0.0,9.7,0.0,0,5.5,62.1
CHW,Jairo Iriarte,SP,Pitcher,0.0,14.8,3.2,0.0,11.3,0.0,0,5.4,62.1
CHW,Jake Eder,SP,Pitcher,0.0,14.6,3.2,0.0,11.9,0.0,0,5.3,62.1
CHW,Joe Barlow,RP,Pitcher,0.0,15.3,3.2,0.0,4.2,0.0,0,5.3,62.1
CHW,Jesse Scholtens,SP,Pitcher,0.0,14.0,3.2,0.0,11.7,0.0,0,5.2,62.1
CHW,Chad Kuhl,SP,Pitcher,0.0,12.5,3.2,0.0,11.0,0.0,0,4.7,62.1
CHW,Lane Ramsey,RP,Pitcher,0.0,13.6,1.6,0.0,6.6,0.0,0,4.6,62.1
CHW,Sammy Peralta,RP,Pitcher,0.0,13.8,1.6,0.0,6.3,0.0,0,4.6,62.1
CHW,Bryan Shaw,RP,Pitcher,0.0,13.3,1.6,0.0,6.3,0.0,0,4.5,62.1
CHW,Jimmy Lambert,SP,Pitcher,0.0,13.0,1.6,0.0,8.1,0.0,0,4.5,62.1
CHW,Matt Foster,RP,Pitcher,0.0,13.0,1.6,0.0,5.4,0.0,0,4.4,62.1
CHW,Shane Drohan,SP,Pitcher,0.0,12.3,3.2,0.0,6.7,0.0,0,4.4,62.1
CHW,Jonathan Stiever,SP,Pitcher,0.0,12.6,1.6,0.0,6.3,0.0,0,4.3,62.1
CHW,Nicholas Padilla,RP,Pitcher,0.0,12.7,1.6,0.0,5.1,0.0,0,4.3,62.1
CHW,Jake Woodford,SP,Pitcher,0.0,9.8,1.6,0.0,4.4,0.0,0,3.4,62.1
CHW,Davis Martin,SP,Pitcher,0.0,9.8,1.6,0.0,2.9,0.0,0,3.3,62.1
CHW,Bailey Horn,RP,Pitcher,0.0,9.1,1.6,0.0,3.2,0.0,0,3.1,62.1
CIN,Elly De La Cruz,SS,Batter,79.0,0.0,44.1,36.0,111.5,4.6,0,38.0,79.93
CIN,Matt McLain,SS,Batter,72.0,0.0,44.7,19.6,116.1,10.0,0,35.3,79.93
CIN,Spencer Steer,1B,Batter,66.5,0.0,49.9,9.6,111.0,11.8,0,33.6,79.93
CIN,Christian Encarnacion-Strand,1B,Batter,68.6,0.0,32.9,4.0,106.2,10.3,0,30.9,79.93
CIN,TJ Friedl,CF,Batter,59.9,0.0,40.1,22.8,99.7,11.9,0,30.7,79.93
CIN,Jeimer Candelario,3B,Batter,58.1,0.0,44.8,5.6,100.3,13.7,0,29.7,79.93
CIN,Jonathan India,2B,Batter,54.9,0.0,39.2,10.0,98.5,16.5,0,28.4,79.93
CIN,Will Benson,LF,Batter,49.8,0.0,38.2,19.2,78.7,4.1,0,25.7,79.93
CIN,Jake Fraley,RF,Batter,52.3,0.0,29.1,11.6,69.7,9.2,1,24.6,79.93
CIN,Tyler Stephenson,C,Batter,41.2,0.0,31.3,2.0,77.7,4.8,1,20.7,79.93
CIN,Noelvi Marte,SS,Batter,33.4,0.0,15.9,7.2,44.2,4.3,1,15.2,79.93
CIN,Stuart Fairchild,LF,Batter,26.8,0.0,16.9,4.8,33.4,6.8,1,12.9,79.93
CIN,Santiago Espinal,2B,Batter,24.5,0.0,16.1,2.4,41.0,6.2,1,12.2,79.93
CIN,Luke Maile,C,Batter,23.2,0.0,14.0,0.8,32.0,6.4,1,11.0,79.93
CIN,Tony Kemp,2B,Batter,16.8,0.0,10.2,3.2,18.9,10.3,1,8.5,79.93
CIN,Mike Ford,1B,Batter,16.2,0.0,7.7,0.0,11.5,4.1,1,6.9,79.93
CIN,Nick Martini,RF,Batter,14.4,0.0,5.3,0.0,10.2,4.5,1,5.9,79.93
CIN,Mark Mathias,2B,Batter,13.2,0.0,5.9,0.8,6.2,5.3,1,5.6,79.93
CIN,Conner Capel,RF,Batter,13.2,0.0,5.9,0.4,6.2,4.0,1,5.5,79.93
CIN,Bubba Thompson,LF,Batter,13.5,0.0,4.1,1.6,6.8,2.8,1,5.4,79.93
CIN,Henry Ramos,RF,Batter,12.9,0.0,5.5,0.0,6.1,5.0,1,5.4,79.93
CIN,Austin Wynns,C,Batter,12.5,0.0,4.8,0.0,9.9,2.4,1,5.1,79.93
CIN,Rece Hinds,RF,Batter,12.0,0.0,3.8,0.0,4.5,0.0,1,4.4,79.93
CIN,P.J. Higgins,C,Batter,11.2,0.0,3.2,0.0,6.4,0.0,1,4.2,79.93
CIN,Jacob Hurtubise,CF,Batter,10.7,0.0,2.7,0.8,5.5,0.0,1,3.9,79.93
CIN,Erik González,SS,Batter,10.2,0.0,1.8,0.0,1.9,0.0,1,3.5,79.93
CIN,Hunter Greene,SP,Pitcher,0.0,49.7,16.0,0.0,59.1,0.0,0,19.7,79.93
CIN,Alexis Díaz,RP,Pitcher,0.0,56.3,9.6,0.0,25.0,0.0,-2,19.2,79.93
CIN,Andrew Abbott,SP,Pitcher,0.0,41.5,14.4,0.0,46.9,0.0,0,16.5,79.93
CIN,Frankie Montas,SP,Pitcher,0.0,36.8,11.2,0.0,40.9,0.0,0,14.4,79.93
CIN,Nick Lodolo,SP,Pitcher,0.0,38.0,8.0,0.0,41.8,0.0,0,14.3,79.93
CIN,Nick Martinez,SP,Pitcher,0.0,33.6,9.6,0.0,36.2,0.0,1,13.0,79.93
CIN,Graham Ashcraft,SP,Pitcher,0.0,30.2,11.2,0.0,34.3,0.0,0,12.1,79.93
CIN,Emilio Pagán,RP,Pitcher,0.0,28.6,6.4,0.0,22.1,0.0,-1,10.4,79.93
CIN,Fernando Cruz,RP,Pitcher,0.0,27.7,4.8,0.0,23.7,0.0,-1,9.9,79.93
CIN,Lucas Sims,RP,Pitcher,0.0,25.4,6.4,0.0,18.9,0.0,-1,9.3,79.93
CIN,Brent Suter,RP,Pitcher,0.0,24.4,8.0,0.0,18.0,0.0,-1,9.2,79.93
CIN,Brandon Williamson,SP,Pitcher,0.0,21.2,6.4,0.0,21.7,0.0,0,8.2,79.93
CIN,Sam Moll,RP,Pitcher,0.0,23.1,3.2,0.0,18.2,0.0,-1,8.1,79.93
CIN,Buck Farmer,RP,Pitcher,0.0,20.9,4.8,0.0,19.1,0.0,-1,7.7,79.93
CIN,Ian Gibaut,RP,Pitcher,0.0,20.6,4.8,0.0,17.3,0.0,-1,7.5,79.93
CIN,Reiver Sanmartin,SP,Pitcher,0.0,20.1,4.8,0.0,16.7,0.0,-1,7.4,79.93
CIN,Connor Overton,SP,Pitcher,0.0,19.9,4.8,0.0,16.3,0.0,1,7.4,79.93
CIN,Tejay Antone,SP,Pitcher,0.0,22.3,1.6,0.0,8.5,0.0,0,7.3,79.93
CIN,Alex Young,RP,Pitcher,0.0,15.9,3.2,0.0,12.2,0.0,1,5.8,79.93
CIN,Connor Phillips,SP,Pitcher,0.0,15.7,1.6,0.0,11.8,0.0,0,5.4,79.93
CIN,Tony Santillan,SP,Pitcher,0.0,13.0,1.6,0.0,9.3,0.0,0,4.5,79.93
CIN,Brooks Kriske,RP,Pitcher,0.0,14.1,0.0,0.0,4.0,0.0,0,4.4,79.93
CIN,Justin Bruihl,RP,Pitcher,0.0,13.3,1.6,0.0,2.9,0.0,0,4.3,79.93
CIN,Lyon Richardson,SP,Pitcher,0.0,12.5,1.6,0.0,6.6,0.0,0,4.2,79.93
CIN,Casey Legumina,RP,Pitcher,0.0,12.1,1.6,0.0,7.8,0.0,0,4.2,79.93
CIN,Carson Spiers,SP,Pitcher,0.0,11.0,1.6,0.0,7.8,0.0,0,3.9,79.93
CIN,Tyler Gilbert,SP,Pitcher,0.0,11.2,1.6,0.0,4.8,0.0,0,3.8,79.93
CIN,Christian Roa,SP,Pitcher,0.0,10.4,1.6,0.0,4.7,0.0,0,3.5,79.93
CIN,Alan Busenitz,RP,Pitcher,0.0,7.2,0.0,0.0,1.9,0.0,0,2.2,79.93
CIN,Kyle Zimmer,RP,Pitcher,0.0,0.0,0.0,0.0,0.0,0.0,0,0.0,79.93
CLE,José Ramírez,3B,Batter,88.7,0.0,57.9,22.8,133.8,8.5,-1,43.1,62.98
CLE,Andrés Giménez,2B,Batter,65.0,0.0,35.8,23.6,107.5,17.5,0,32.5,62.98
CLE,Josh Naylor,1B,Batter,69.0,0.0,38.1,5.6,102.7,6.5,0,31.5,62.98
CLE,Steven Kwan,LF,Batter,46.2,0.0,50.4,20.4,118.6,10.3,0,28.6,62.98
CLE,Bo Naylor,C,Batter,51.2,0.0,39.3,8.8,76.0,6.5,0,25.5,62.98
CLE,Ramón Laureano,RF,Batter,43.9,0.0,30.9,11.6,71.2,9.4,1,22.4,62.98
CLE,Myles Straw,CF,Batter,34.2,0.0,28.6,15.2,79.7,5.2,0,19.4,62.98
CLE,Estevan Florial,RF,Batter,36.3,0.0,22.8,10.8,47.3,9.2,1,17.8,62.98
CLE,Kyle Manzardo,1B,Batter,40.7,0.0,16.4,2.0,66.1,0.0,1,17.5,62.98
CLE,Brayan Rocchio,SS,Batter,32.9,0.0,21.9,9.6,61.6,1.2,1,16.5,62.98
CLE,Gabriel Arias,SS,Batter,34.8,0.0,22.6,2.4,55.0,2.9,1,16.5,62.98
CLE,Will Brennan,RF,Batter,28.0,0.0,14.3,5.2,42.6,4.7,1,13.1,62.98
CLE,Tyler Freeman,3B,Batter,22.7,0.0,12.1,4.4,30.8,4.2,1,10.6,62.98
CLE,Austin Hedges,C,Batter,19.0,0.0,10.0,0.8,27.3,3.5,1,8.7,62.98
CLE,David Fry,C,Batter,17.9,0.0,8.7,0.8,16.9,5.2,1,7.9,62.98
CLE,Juan Brito,SS,Batter,13.0,0.0,4.4,0.8,8.6,0.0,1,5.0,62.98
CLE,José Tena,SS,Batter,12.7,0.0,4.7,0.8,6.1,1.3,1,5.0,62.98
CLE,George Valera,RF,Batter,13.0,0.0,3.5,0.0,10.1,0.0,1,4.9,62.98
CLE,Bryan Lavastida,C,Batter,11.6,0.0,3.8,0.0,9.4,0.0,1,4.5,62.98
CLE,Jhonkensy Noel,RF,Batter,11.7,0.0,3.7,0.0,6.5,0.0,1,4.4,62.98
CLE,Angel Martínez,2B,Batter,12.1,0.0,3.3,0.0,5.0,0.0,1,4.4,62.98
CLE,Johnathan Rodriguez,RF,Batter,11.8,0.0,3.9,0.0,5.0,0.0,1,4.4,62.98
CLE,Dom Nuñez,C,Batter,9.8,0.0,3.3,0.0,5.6,0.0,1,3.7,62.98
CLE,Tanner Bibee,SP,Pitcher,0.0,49.5,17.6,0.0,54.3,0.0,0,19.7,62.98
CLE,Emmanuel Clase,RP,Pitcher,0.0,59.0,6.4,0.0,22.7,0.0,-3,19.4,62.98
CLE,Shane Bieber,SP,Pitcher,0.0,46.4,17.6,0.0,50.6,0.0,0,18.6,62.98
CLE,Gavin Williams,SP,Pitcher,0.0,41.6,11.2,0.0,43.2,0.0,0,15.9,62.98
CLE,Triston McKenzie,SP,Pitcher,0.0,39.6,11.2,0.0,42.3,0.0,0,15.3,62.98
CLE,Scott Barlow,RP,Pitcher,0.0,32.1,6.4,0.0,24.4,0.0,-1,11.5,62.98
CLE,James Karinchak,RP,Pitcher,0.0,28.6,4.8,0.0,19.5,0.0,1,10.1,62.98
CLE,Trevor Stephan,RP,Pitcher,0.0,27.4,4.8,0.0,20.8,0.0,1,9.8,62.98
CLE,Sam Hentges,RP,Pitcher,0.0,26.6,4.8,0.0,19.3,0.0,-1,9.4,62.98
CLE,Carlos Carrasco,SP,Pitcher,0.0,22.9,9.6,0.0,25.6,0.0,1,9.4,62.98
CLE,Nick Sandlin,RP,Pitcher,0.0,24.7,4.8,0.0,19.8,0.0,-1,8.9,62.98
CLE,Eli Morgan,RP,Pitcher,0.0,24.1,4.8,0.0,19.2,0.0,-1,8.7,62.98
CLE,Tim Herrin,RP,Pitcher,0.0,22.2,4.8,0.0,15.5,0.0,1,8.0,62.98
CLE,Logan Allen,SP,Pitcher,0.0,19.4,8.0,0.0,22.3,0.0,0,7.9,62.98
CLE,Cade Smith,RP,Pitcher,0.0,20.8,3.2,0.0,15.0,0.0,1,7.4,62.98
CLE,Xzavion Curry,SP,Pitcher,0.0,19.5,4.8,0.0,16.5,0.0,1,7.3,62.98
CLE,Ben Lively,SP,Pitcher,0.0,19.6,4.8,0.0,15.8,0.0,1,7.3,62.98
CLE,Hunter Gaddis,SP,Pitcher,0.0,15.9,3.2,0.0,12.0,0.0,1,5.8,62.98
CLE,Joey Cantillo,SP,Pitcher,0.0,15.9,3.2,0.0,8.9,0.0,0,5.6,62.98
CLE,Anthony Gose,RP,Pitcher,0.0,16.4,1.6,0.0,6.3,0.0,0,5.4,62.98
CLE,Nic Enright,RP,Pitcher,0.0,15.9,1.6,0.0,3.8,0.0,0,5.2,62.98
CLE,Jaime Barría,RP,Pitcher,0.0,13.4,1.6,0.0,7.9,0.0,0,4.6,62.98
CLE,Adam Oller,SP,Pitcher,0.0,11.2,1.6,0.0,6.6,0.0,0,3.9,62.98
CLE,Tyler Beede,SP,Pitcher,0.0,11.2,1.6,0.0,8.4,0.0,0,3.9,62.98
CLE,Tanner Burns,SP,Pitcher,0.0,11.1,1.6,0.0,4.7,0.0,0,3.8,62.98
CLE,Anthony Banda,SP,Pitcher,0.0,11.4,1.6,0.0,2.9,0.0,0,3.8,62.98
CLE,Randy Labaut,RP,Pitcher,0.0,8.3,0.0,0.0,2.5,0.0,0,2.6,62.98
COL,Nolan Jones,RF,Batter,73.2,0.0,54.8,16.4,115.4,6.7,0,36.6,48.06
COL,Ryan McMahon,3B,Batter,60.2,0.0,46.9,4.8,104.2,3.7,0,30.0,48.06
COL,Ezequiel Tovar,SS,Batter,61.0,0.0,36.9,13.6,113.6,4.6,-1,29.8,48.06
COL,Charlie Blackmon,DH,Batter,45.9,0.0,41.5,8.8,92.6,17.3,1,25.8,48.06
COL,Kris Bryant,RF,Batter,49.9,0.0,37.6,3.6,97.8,10.3,0,25.6,48.06
COL,Brenton Doyle,CF,Batter,52.5,0.0,26.7,17.6,80.1,4.5,0,24.7,48.06
COL,Brendan Rodgers,2B,Batter,46.9,0.0,33.3,2.4,98.4,8.4,0,23.8,48.06
COL,Elias Díaz,C,Batter,46.2,0.0,27.8,2.0,76.8,3.8,0,21.6,48.06
COL,Sean Bouchard,LF,Batter,44.2,0.0,31.3,10.0,65.8,2.6,-1,21.5,48.06
COL,Elehuris Montero,3B,Batter,44.6,0.0,21.4,2.0,67.3,6.1,1,20.0,48.06
COL,Hunter Goodman,1B,Batter,40.6,0.0,21.9,2.0,50.3,1.7,1,17.8,48.06
COL,Jacob Stallings,C,Batter,20.1,0.0,15.2,0.0,30.6,5.1,1,10.0,48.06
COL,Alan Trejo,2B,Batter,20.8,0.0,11.6,2.8,23.3,3.3,1,9.4,48.06
COL,Jake Cave,LF,Batter,17.9,0.0,9.8,2.0,17.5,2.9,1,8.0,48.06
COL,Michael Toglia,1B,Batter,16.3,0.0,6.9,0.4,12.9,2.5,1,6.7,48.06
COL,Drew Romo,C,Batter,13.4,0.0,3.8,0.8,7.5,0.0,1,5.0,48.06
COL,Greg Jones,SS,Batter,12.7,0.0,4.3,3.6,6.8,0.0,1,5.0,48.06
COL,Adael Amador,2B,Batter,13.8,0.0,2.7,0.8,6.0,0.0,1,4.9,48.06
COL,Coco Montes,2B,Batter,13.0,0.0,3.6,0.0,4.6,1.8,1,4.8,48.06
COL,Julio Carreras,3B,Batter,12.7,0.0,2.9,0.8,6.5,0.0,1,4.6,48.06
COL,Aaron Schunk,3B,Batter,11.7,0.0,3.3,0.0,5.0,0.0,1,4.3,48.06
COL,Justin Lawrence,RP,Pitcher,0.0,34.8,4.8,0.0,21.0,0.0,-1,11.9,48.06
COL,Cal Quantrill,SP,Pitcher,0.0,26.1,11.2,0.0,29.5,0.0,0,10.7,48.06
COL,Kyle Freeland,SP,Pitcher,0.0,25.9,11.2,0.0,32.4,0.0,0,10.7,48.06
COL,Austin Gomber,SP,Pitcher,0.0,25.6,11.2,0.0,31.7,0.0,0,10.6,48.06
COL,Ryan Feltner,SP,Pitcher,0.0,23.0,8.0,0.0,26.7,0.0,0,9.2,48.06
COL,Tyler Kinley,RP,Pitcher,0.0,26.5,3.2,0.0,18.4,0.0,-1,9.1,48.06
COL,Peter Lambert,SP,Pitcher,0.0,21.9,6.4,0.0,26.1,0.0,1,8.6,48.06
COL,Dakota Hudson,SP,Pitcher,0.0,18.5,9.6,0.0,21.9,0.0,0,7.9,48.06
COL,Daniel Bard,RP,Pitcher,0.0,20.9,4.8,0.0,15.5,0.0,1,7.7,48.06
COL,Jake Bird,RP,Pitcher,0.0,21.2,4.8,0.0,17.4,0.0,-1,7.7,48.06
COL,Nick Mears,RP,Pitcher,0.0,18.8,4.8,0.0,18.1,0.0,-1,7.0,48.06
COL,Jalen Beeks,RP,Pitcher,0.0,19.1,3.2,0.0,15.7,0.0,-1,6.8,48.06
COL,Gavin Hollowell,RP,Pitcher,0.0,16.1,3.2,0.0,12.8,0.0,1,5.9,48.06
COL,Evan Justice,RP,Pitcher,0.0,15.9,3.2,0.0,14.0,0.0,1,5.9,48.06
COL,Germán Márquez,SP,Pitcher,0.0,16.3,3.2,0.0,11.0,0.0,0,5.8,48.06
COL,Lucas Gilbreath,SP,Pitcher,0.0,15.3,3.2,0.0,12.5,0.0,1,5.6,48.06
COL,Victor Vodnik,RP,Pitcher,0.0,14.9,3.2,0.0,10.1,0.0,1,5.4,48.06
COL,Anthony Molina,RP,Pitcher,0.0,13.5,3.2,0.0,9.6,0.0,1,5.0,48.06
COL,John Curtiss,RP,Pitcher,0.0,11.2,1.6,0.0,5.4,0.0,0,3.8,48.06
COL,Geoff Hartlieb,RP,Pitcher,0.0,10.2,1.6,0.0,5.0,0.0,0,3.5,48.06
COL,Noah Davis,SP,Pitcher,0.0,9.2,1.6,0.0,9.7,0.0,0,3.4,48.06
COL,Antonio Senzatela,SP,Pitcher,0.0,10.1,1.6,0.0,3.2,0.0,0,3.4,48.06
COL,Riley Pint,RP,Pitcher,0.0,9.0,1.6,0.0,8.1,0.0,0,3.3,48.06
COL,Ryan Rolison,SP,Pitcher,0.0,9.1,1.6,0.0,5.7,0.0,0,3.2,48.06
COL,Jaden Hill,SP,Pitcher,0.0,8.8,1.6,0.0,7.2,0.0,0,3.2,48.06
COL,Ty Blach,SP,Pitcher,0.0,8.6,1.6,0.0,6.3,0.0,0,3.1,48.06
COL,Matt Carasiti,RP,Pitcher,0.0,8.4,1.6,0.0,4.7,0.0,0,2.9,48.06
COL,Matt Koch,RP,Pitcher,0.0,7.2,1.6,0.0,6.3,0.0,0,2.7,48.06
COL,Jeff Criswell,SP,Pitcher,0.0,8.1,0.0,0.0,2.2,0.0,0,2.5,48.06
COL,Josh Rogers,RP,Pitcher,0.0,5.8,1.6,0.0,4.3,0.0,0,2.2,48.06
COL,Juan Mejia,RP,Pitcher,0.0,6.1,0.0,0.0,2.5,0.0,0,1.9,48.06
COL,Karl Kauffmann,SP,Pitcher,0.0,4.1,1.6,0.0,3.8,0.0,0,1.6,48.06
DET,Spencer Torkelson,1B,Batter,66.7,0.0,46.9,2.8,110.6,8.3,0,32.4,65.2
DET,Kerry Carpenter,RF,Batter,62.5,0.0,34.6,7.6,100.5,9.6,0,29.3,65.2
DET,Riley Greene,CF,Batter,54.6,0.0,44.5,15.6,111.4,3.0,0,29.0,65.2
DET,Parker Meadows,CF,Batter,48.7,0.0,46.9,20.0,86.1,8.8,0,27.4,65.2
DET,Mark Canha,LF,Batter,49.0,0.0,39.4,8.4,92.5,19.8,0,26.6,65.2
DET,Javier Báez,SS,Batter,53.0,0.0,27.7,13.2,92.0,8.7,0,25.5,65.2
DET,Colt Keith,2B,Batter,45.9,0.0,20.7,6.0,82.8,0.0,1,20.7,65.2
DET,Jake Rogers,C,Batter,42.8,0.0,22.2,2.8,59.4,4.5,1,19.2,65.2
DET,Matt Vierling,RF,Batter,35.9,0.0,27.4,8.0,66.6,6.2,1,18.7,65.2
DET,Zach McKinstry,RF,Batter,32.4,0.0,24.6,8.8,55.9,5.4,1,16.8,65.2
DET,Gio Urshela,3B,Batter,33.5,0.0,20.0,3.6,62.5,3.8,1,16.2,65.2
DET,Akil Baddoo,LF,Batter,29.2,0.0,20.4,8.8,38.6,4.3,1,14.5,65.2
DET,Andy Ibáñez,2B,Batter,28.8,0.0,19.1,2.8,46.2,3.5,1,13.9,65.2
DET,Carson Kelly,C,Batter,25.3,0.0,17.5,0.8,38.7,2.5,1,12.1,65.2
DET,Keston Hiura,1B,Batter,16.3,0.0,4.7,0.8,12.8,0.0,1,6.2,65.2
DET,Bligh Madris,RF,Batter,12.2,0.0,6.2,0.8,7.3,4.7,1,5.4,65.2
DET,Justyn-Henry Malloy,1B,Batter,14.1,0.0,4.4,0.0,10.1,0.0,1,5.3,65.2
DET,Anthony Bemboom,C,Batter,10.8,0.0,4.9,0.0,4.6,9.6,1,5.0,65.2
DET,Buddy Kennedy,2B,Batter,11.1,0.0,4.1,0.0,4.1,7.2,1,4.7,65.2
DET,TJ Hopkins,CF,Batter,11.7,0.0,3.6,0.0,6.1,1.7,1,4.5,65.2
DET,Ryan Kreidler,SS,Batter,11.8,0.0,3.4,0.8,6.7,0.0,1,4.4,65.2
DET,Jace Jung,2B,Batter,11.4,0.0,3.6,0.0,7.1,0.0,1,4.3,65.2
DET,Donny Sands,C,Batter,10.8,0.0,3.1,0.0,6.4,0.0,1,4.0,65.2
DET,Dillon Dingler,C,Batter,11.2,0.0,2.9,0.0,4.5,0.0,1,4.0,65.2
DET,Eddys Leonard,SS,Batter,10.5,0.0,3.1,0.0,4.5,0.0,1,3.8,65.2
DET,Wenceel Pérez,2B,Batter,10.7,0.0,2.3,0.8,4.5,0.0,1,3.8,65.2
DET,Ryan Vilade,SS,Batter,9.4,0.0,2.5,0.0,1.5,0.0,1,3.3,65.2
DET,Tarik Skubal,SP,Pitcher,0.0,51.9,19.2,0.0,57.2,0.0,0,20.7,65.2
DET,Kenta Maeda,SP,Pitcher,0.0,39.3,12.8,0.0,43.5,0.0,1,15.5,65.2
DET,Alex Lange,RP,Pitcher,0.0,43.4,8.0,0.0,24.1,0.0,-1,15.1,65.2
DET,Reese Olson,SP,Pitcher,0.0,35.5,11.2,0.0,39.4,0.0,0,13.9,65.2
DET,Jack Flaherty,SP,Pitcher,0.0,33.4,11.2,0.0,38.4,0.0,0,13.2,65.2
DET,Jason Foley,RP,Pitcher,0.0,28.7,4.8,0.0,15.9,0.0,-1,9.9,65.2
DET,Matt Manning,SP,Pitcher,0.0,24.6,8.0,0.0,21.8,0.0,0,9.4,65.2
DET,Andrew Chafin,RP,Pitcher,0.0,26.3,4.8,0.0,19.0,0.0,-1,9.3,65.2
DET,Tyler Holton,RP,Pitcher,0.0,25.8,4.8,0.0,18.1,0.0,-1,9.1,65.2
DET,Will Vest,RP,Pitcher,0.0,25.5,3.2,0.0,17.6,0.0,-1,8.8,65.2
DET,Sawyer Gipson-Long,SP,Pitcher,0.0,23.2,4.8,0.0,18.3,0.0,0,8.4,65.2
DET,Shelby Miller,RP,Pitcher,0.0,22.6,4.8,0.0,17.6,0.0,-1,8.1,65.2
DET,Joey Wentz,SP,Pitcher,0.0,21.7,4.8,0.0,19.8,0.0,-1,8.0,65.2
DET,Alex Faedo,SP,Pitcher,0.0,22.1,4.8,0.0,16.7,0.0,-1,8.0,65.2
DET,Casey Mize,SP,Pitcher,0.0,21.7,4.8,0.0,16.3,0.0,0,7.9,65.2
DET,Beau Brieske,RP,Pitcher,0.0,22.0,3.2,0.0,15.2,0.0,-1,7.6,65.2
DET,Miguel Díaz,RP,Pitcher,0.0,19.4,3.2,0.0,13.2,0.0,1,6.9,65.2
DET,Brendan White,RP,Pitcher,0.0,16.5,1.6,0.0,7.9,0.0,0,5.5,65.2
DET,Trey Wingenter,RP,Pitcher,0.0,16.1,1.6,0.0,9.7,0.0,0,5.4,65.2
DET,Keider Montero,SP,Pitcher,0.0,15.7,1.6,0.0,5.4,0.0,0,5.2,65.2
DET,Ty Madden,SP,Pitcher,0.0,15.2,1.6,0.0,8.5,0.0,0,5.1,65.2
DET,Andrew Vasquez,RP,Pitcher,0.0,15.4,1.6,0.0,6.3,0.0,0,5.1,65.2
DET,Brenan Hanifee,RP,Pitcher,0.0,13.4,3.2,0.0,7.7,0.0,1,4.9,65.2
DET,Mason Englert,RP,Pitcher,0.0,14.3,1.6,0.0,7.9,0.0,0,4.8,65.2
DET,Wilmer Flores,SP,Pitcher,0.0,13.3,1.6,0.0,3.5,0.0,0,4.4,65.2
DET,Freddy Pacheco,RP,Pitcher,0.0,13.0,1.6,0.0,5.6,0.0,0,4.4,65.2
DET,Drew Anderson,RP,Pitcher,0.0,12.2,1.6,0.0,6.9,0.0,0,4.2,65.2
DET,Devin Sweet,RP,Pitcher,0.0,12.2,0.0,0.0,3.1,0.0,0,3.8,65.2
DET,Garrett Hill,SP,Pitcher,0.0,10.2,0.0,0.0,3.7,0.0,0,3.2,65.2
HOU,Kyle Tucker,RF,Batter,96.0,0.0,60.4,24.0,131.9,9.1,-1,45.7,70.36
HOU,Yordan Alvarez,LF,Batter,87.0,0.0,58.5,3.2,128.8,18.2,0,41.7,70.36
HOU,Jose Altuve,2B,Batter,70.1,0.0,50.0,11.6,136.1,11.3,0,35.8,70.36
HOU,Alex Bregman,3B,Batter,66.0,0.0,57.0,3.6,124.4,13.9,0,34.7,70.36
HOU,Chas McCormick,CF,Batter,64.2,0.0,33.5,12.4,92.9,12.0,0,29.9,70.36
HOU,José Abreu,1B,Batter,59.9,0.0,37.1,2.0,107.0,7.3,0,28.5,70.36
HOU,Jeremy Peña,SS,Batter,55.0,0.0,36.8,9.2,113.3,9.6,0,28.1,70.36
HOU,Yainer Diaz,C,Batter,59.3,0.0,23.5,2.0,90.5,6.0,0,25.6,70.36
HOU,Jake Meyers,CF,Batter,38.1,0.0,25.3,6.4,63.1,6.7,1,18.9,70.36
HOU,Mauricio Dubón,2B,Batter,32.7,0.0,16.8,4.8,64.7,3.9,1,15.7,70.36
HOU,Victor Caratini,C,Batter,26.2,0.0,15.4,0.4,38.0,5.5,1,12.2,70.36
HOU,Jon Singleton,1B,Batter,20.4,0.0,14.2,0.0,24.5,4.6,1,9.6,70.36
HOU,Corey Julks,LF,Batter,18.3,0.0,8.2,2.0,17.0,2.4,1,7.8,70.36
HOU,Grae Kessinger,SS,Batter,12.6,0.0,6.2,0.8,9.4,3.1,1,5.5,70.36
HOU,Joey Loperfido,CF,Batter,12.2,0.0,4.0,0.8,6.7,0.0,1,4.6,70.36
HOU,Trey Cabbage,1B,Batter,11.9,0.0,4.2,0.4,6.1,0.4,1,4.6,70.36
HOU,David Hensley,2B,Batter,11.2,0.0,4.5,0.8,5.7,1.8,1,4.5,70.36
HOU,Kenedy Corona,CF,Batter,12.1,0.0,3.8,0.8,5.6,0.0,1,4.5,70.36
HOU,Pedro Leon,CF,Batter,11.0,0.0,3.3,1.6,5.7,0.0,1,4.2,70.36
HOU,César Salazar,C,Batter,10.0,0.0,3.6,0.0,4.5,1.8,1,3.9,70.36
HOU,Dixon Machado,SS,Batter,9.2,0.0,2.4,0.0,3.4,0.0,1,3.3,70.36
HOU,Framber Valdez,SP,Pitcher,0.0,53.3,22.4,0.0,59.9,0.0,1,21.8,70.36
HOU,Josh Hader,RP,Pitcher,0.0,63.3,4.8,0.0,27.9,0.0,-2,20.7,70.36
HOU,Hunter Brown,SP,Pitcher,0.0,48.2,19.2,0.0,56.1,0.0,1,19.6,70.36
HOU,Cristian Javier,SP,Pitcher,0.0,46.0,16.0,0.0,52.9,0.0,1,18.4,70.36
HOU,Justin Verlander,SP,Pitcher,0.0,39.2,16.0,0.0,41.4,0.0,0,15.8,70.36
HOU,Bryan Abreu,RP,Pitcher,0.0,36.5,4.8,0.0,26.7,0.0,-1,12.7,70.36
HOU,Ryan Pressly,RP,Pitcher,0.0,34.1,8.0,0.0,22.7,0.0,-1,12.3,70.36
HOU,J.P. France,SP,Pitcher,0.0,29.2,11.2,0.0,31.1,0.0,1,11.7,70.36
HOU,José Urquidy,SP,Pitcher,0.0,26.7,9.6,0.0,25.8,0.0,0,10.5,70.36
HOU,Lance McCullers Jr.,SP,Pitcher,0.0,26.6,6.4,0.0,18.7,0.0,0,9.7,70.36
HOU,Rafael Montero,RP,Pitcher,0.0,25.3,6.4,0.0,21.1,0.0,-1,9.4,70.36
HOU,Ronel Blanco,RP,Pitcher,0.0,24.6,6.4,0.0,23.8,0.0,-1,9.2,70.36
HOU,Bennett Sousa,RP,Pitcher,0.0,22.8,4.8,0.0,17.3,0.0,-1,8.2,70.36
HOU,Seth Martinez,RP,Pitcher,0.0,20.6,3.2,0.0,14.8,0.0,1,7.3,70.36
HOU,Brandon Bielak,SP,Pitcher,0.0,19.1,4.8,0.0,14.0,0.0,1,7.1,70.36
HOU,Luis Garcia,SP,Pitcher,0.0,18.8,3.2,0.0,10.4,0.0,0,6.5,70.36
HOU,Dylan Coleman,RP,Pitcher,0.0,18.3,3.2,0.0,12.8,0.0,1,6.5,70.36
HOU,Parker Mushinski,RP,Pitcher,0.0,18.0,3.2,0.0,9.8,0.0,1,6.3,70.36
HOU,Shawn Dubin,RP,Pitcher,0.0,16.5,1.6,0.0,7.8,0.0,0,5.5,70.36
HOU,Oliver Ortega,SP,Pitcher,0.0,15.7,1.6,0.0,6.3,0.0,0,5.2,70.36
HOU,Forrest Whitley,SP,Pitcher,0.0,13.4,1.6,0.0,8.1,0.0,0,4.6,70.36
HOU,Tayler Scott,RP,Pitcher,0.0,13.5,1.6,0.0,7.2,0.0,0,4.6,70.36
HOU,Colton Gordon,SP,Pitcher,0.0,13.8,1.6,0.0,2.9,0.0,0,4.5,70.36
HOU,Joel Kuhnel,RP,Pitcher,0.0,12.8,1.6,0.0,4.5,0.0,0,4.3,70.36
HOU,Spencer Arrighetti,SP,Pitcher,0.0,11.4,1.6,0.0,4.7,0.0,0,3.8,70.36
HOU,Wander Suero,RP,Pitcher,0.0,11.2,1.6,0.0,4.4,0.0,0,3.8,70.36
HOU,Kendall Graveman,RP,Pitcher,0.0,0.0,0.0,0.0,0.0,0.0,0,0.0,70.36
KC,Bobby Witt Jr.,SS,Batter,97.6,0.0,46.4,38.8,138.6,5.7,-1,45.3,65.34
KC,Vinnie Pasquantino,1B,Batter,57.3,0.0,45.8,3.2,101.4,9.3,0,29.1,65.34
KC,MJ Melendez,RF,Batter,56.9,0.0,46.8,7.6,101.2,5.2,0,29.1,65.34
KC,Salvador Perez,C,Batter,64.8,0.0,25.2,1.2,97.0,10.7,0,28.0,65.34
KC,Maikel Garcia,3B,Batter,51.5,0.0,36.4,20.4,100.5,4.2,0,26.9,65.34
KC,Hunter Renfroe,RF,Batter,54.0,0.0,35.4,0.8,88.7,5.3,0,25.5,65.34
KC,Nelson Velázquez,RF,Batter,53.7,0.0,27.9,7.6,72.8,6.1,0,24.3,65.34
KC,Michael Massey,2B,Batter,42.7,0.0,24.6,5.2,68.7,4.2,1,20.1,65.34
KC,Kyle Isbel,CF,Batter,37.2,0.0,24.2,11.2,64.0,3.1,1,18.6,65.34
KC,Adam Frazier,2B,Batter,34.0,0.0,25.2,7.6,67.8,6.2,1,17.8,65.34
KC,Drew Waters,CF,Batter,32.6,0.0,21.8,10.4,47.0,5.3,1,16.2,65.34
KC,Nick Pratto,1B,Batter,30.7,0.0,20.3,2.0,45.0,5.5,1,14.7,65.34
KC,Garrett Hampson,SS,Batter,22.5,0.0,14.9,6.0,33.2,4.1,1,11.2,65.34
KC,Freddy Fermin,C,Batter,24.5,0.0,12.8,1.2,33.8,2.8,1,11.0,65.34
KC,Dairon Blanco,LF,Batter,19.0,0.0,7.4,6.8,14.5,3.5,1,8.2,65.34
KC,Nick Loftin,SS,Batter,17.3,0.0,7.8,1.6,17.2,4.1,1,7.5,65.34
KC,Rodolfo Duran,C,Batter,18.2,0.0,5.0,0.8,16.7,0.0,1,7.0,65.34
KC,Tyler Gentry,RF,Batter,15.7,0.0,4.8,0.8,15.0,0.0,1,6.2,65.34
KC,Austin Nola,C,Batter,13.1,0.0,6.0,0.0,7.6,5.6,1,5.6,65.34
KC,Nate Eaton,RF,Batter,13.7,0.0,4.3,2.4,10.2,1.6,1,5.5,65.34
KC,Logan Porter,C,Batter,12.0,0.0,4.4,0.0,4.6,4.4,1,4.8,65.34
KC,Mike Brosseau,2B,Batter,11.8,0.0,4.0,0.0,5.6,2.0,1,4.6,65.34
KC,Diego Hernandez,CF,Batter,9.9,0.0,2.1,0.8,4.5,0.0,1,3.6,65.34
KC,Tyler Cropley,C,Batter,7.7,0.0,2.5,0.0,4.5,0.0,1,2.9,65.34
KC,Cole Ragans,SP,Pitcher,0.0,46.1,14.4,0.0,52.0,0.0,0,18.1,65.34
KC,Brady Singer,SP,Pitcher,0.0,37.5,14.4,0.0,44.0,0.0,0,15.2,65.34
KC,Seth Lugo,SP,Pitcher,0.0,37.8,12.8,0.0,42.1,0.0,0,14.9,65.34
KC,Michael Wacha,SP,Pitcher,0.0,36.1,16.0,0.0,38.0,0.0,0,14.7,65.34
KC,Will Smith,RP,Pitcher,0.0,36.6,4.8,0.0,19.8,0.0,-1,12.4,65.34
KC,James McArthur,RP,Pitcher,0.0,33.9,4.8,0.0,19.4,0.0,-1,11.6,65.34
KC,Jordan Lyles,SP,Pitcher,0.0,23.3,9.6,0.0,27.6,0.0,0,9.5,65.34
KC,John Schreiber,RP,Pitcher,0.0,26.5,4.8,0.0,19.0,0.0,-1,9.4,65.34
KC,Daniel Lynch IV,SP,Pitcher,0.0,22.9,8.0,0.0,23.1,0.0,0,9.0,65.34
KC,John McMillon,RP,Pitcher,0.0,22.6,4.8,0.0,19.1,0.0,1,8.3,65.34
KC,Chris Stratton,RP,Pitcher,0.0,22.6,4.8,0.0,18.6,0.0,-1,8.2,65.34
KC,Nick Anderson,RP,Pitcher,0.0,20.7,4.8,0.0,13.1,0.0,1,7.5,65.34
KC,Carlos Hernández,RP,Pitcher,0.0,20.5,3.2,0.0,16.9,0.0,1,7.3,65.34
KC,Angel Zerpa,RP,Pitcher,0.0,19.0,4.8,0.0,12.8,0.0,1,7.0,65.34
KC,Alec Marsh,SP,Pitcher,0.0,18.3,4.8,0.0,17.8,0.0,0,6.9,65.34
KC,Josh Taylor,RP,Pitcher,0.0,18.2,3.2,0.0,12.5,0.0,1,6.5,65.34
KC,Matt Sauer,SP,Pitcher,0.0,17.3,3.2,0.0,12.9,0.0,1,6.2,65.34
KC,Tyler Duffey,RP,Pitcher,0.0,17.1,1.6,0.0,7.6,0.0,0,5.7,65.34
KC,Dan Altavilla,RP,Pitcher,0.0,17.3,1.6,0.0,6.9,0.0,0,5.7,65.34
KC,Steven Cruz,RP,Pitcher,0.0,15.1,1.6,0.0,11.5,0.0,1,5.3,65.34
KC,Austin Cox,SP,Pitcher,0.0,15.3,1.6,0.0,8.8,0.0,1,5.2,65.34
KC,Jake Brentz,SP,Pitcher,0.0,14.2,1.6,0.0,9.3,0.0,0,4.9,65.34
KC,Kris Bubic,SP,Pitcher,0.0,13.9,1.6,0.0,8.2,0.0,0,4.7,65.34
KC,Anthony Veneziano,RP,Pitcher,0.0,12.6,1.6,0.0,8.2,0.0,0,4.3,65.34
KC,Will Klein,RP,Pitcher,0.0,12.0,1.6,0.0,7.5,0.0,0,4.2,65.34
KC,Jonathan Bowlan,SP,Pitcher,0.0,12.0,1.6,0.0,5.4,0.0,0,4.0,65.34
KC,Sam Long,SP,Pitcher,0.0,10.8,1.6,0.0,3.8,0.0,0,3.6,65.34
KC,Luis Cessa,RP,Pitcher,0.0,10.0,1.6,0.0,3.2,0.0,0,3.4,65.34
KC,Kyle Wright,SP,Pitcher,0.0,0.0,0.0,0.0,0.0,0.0,0,0.0,65.34
LAA,Mike Trout,CF,Batter,71.9,0.0,47.8,4.8,109.3,11.5,0,34.4,63.37
LAA,Zach Neto,SS,Batter,58.4,0.0,33.4,12.0,100.1,23.8,0,29.4,63.37
LAA,Taylor Ward,LF,Batter,56.9,0.0,39.2,4.4,102.8,12.3,0,28.4,63.37
LAA,Brandon Drury,2B,Batter,61.6,0.0,31.6,3.2,96.5,8.0,0,28.0,63.37
LAA,Luis Rengifo,2B,Batter,52.6,0.0,38.4,9.2,93.6,9.8,-1,26.8,63.37
LAA,Logan O'Hoppe,C,Batter,56.9,0.0,26.5,2.8,83.7,6.4,1,25.2,63.37
LAA,Nolan Schanuel,1B,Batter,40.0,0.0,46.6,4.8,95.4,18.4,1,24.7,63.37
LAA,Anthony Rendon,3B,Batter,40.9,0.0,40.5,2.8,69.8,18.0,1,22.8,63.37
LAA,Mickey Moniak,RF,Batter,46.8,0.0,21.8,8.8,71.6,3.9,1,21.2,63.37
LAA,Aaron Hicks,CF,Batter,35.2,0.0,29.5,6.0,60.5,5.0,1,18.3,63.37
LAA,Jo Adell,RF,Batter,29.8,0.0,15.9,4.4,35.1,1.1,1,13.2,63.37
LAA,Matt Thaiss,C,Batter,24.0,0.0,15.9,1.6,31.6,6.5,1,11.5,63.37
LAA,Miguel Sanó,1B,Batter,26.6,0.0,5.4,0.8,27.6,0.0,1,10.0,63.37
LAA,Michael Stefanic,2B,Batter,15.2,0.0,7.7,0.8,14.5,9.7,1,7.2,63.37
LAA,Hunter Dozier,1B,Batter,13.9,0.0,5.6,0.8,8.8,2.4,1,5.7,63.37
LAA,Willie Calhoun,LF,Batter,13.1,0.0,5.6,0.0,9.1,5.7,1,5.6,63.37
LAA,Jordyn Adams,CF,Batter,14.6,0.0,3.7,0.0,12.0,0.0,1,5.5,63.37
LAA,Kyren Paris,2B,Batter,13.2,0.0,4.5,1.6,6.8,2.6,1,5.3,63.37
LAA,Livan Soto,2B,Batter,10.9,0.0,5.5,0.0,4.2,10.7,1,5.2,63.37
LAA,Chad Wallach,C,Batter,12.3,0.0,5.0,0.0,7.2,2.1,1,4.9,63.37
LAA,Ehire Adrianza,3B,Batter,12.0,0.0,5.0,0.0,6.1,1.8,1,4.8,63.37
LAA,Richie Martin,SS,Batter,12.2,0.0,3.8,2.8,8.6,0.0,1,4.8,63.37
LAA,Jake Marisnick,CF,Batter,11.9,0.0,4.1,0.4,6.1,2.4,1,4.7,63.37
LAA,Evan White,1B,Batter,11.9,0.0,3.8,0.0,7.2,0.0,1,4.5,63.37
LAA,Caleb Hamilton,C,Batter,10.2,0.0,5.9,0.0,5.9,1.7,1,4.4,63.37
LAA,Charles Leblanc,3B,Batter,10.9,0.0,2.8,0.0,4.5,0.0,1,3.9,63.37
LAA,Griffin Canning,SP,Pitcher,0.0,42.5,14.4,0.0,49.1,0.0,0,16.9,63.37
LAA,Reid Detmers,SP,Pitcher,0.0,41.4,11.2,0.0,47.7,0.0,0,16.0,63.37
LAA,Patrick Sandoval,SP,Pitcher,0.0,39.8,12.8,0.0,44.0,0.0,0,15.6,63.37
LAA,Carlos Estévez,RP,Pitcher,0.0,42.4,6.4,0.0,22.3,0.0,-1,14.5,63.37
LAA,Tyler Anderson,SP,Pitcher,0.0,35.7,14.4,0.0,40.7,0.0,0,14.5,63.37
LAA,Chase Silseth,SP,Pitcher,0.0,33.5,11.2,0.0,36.3,0.0,0,13.2,63.37
LAA,Robert Stephenson,RP,Pitcher,0.0,37.0,4.8,0.0,21.7,0.0,-1,12.6,63.37
LAA,José Soriano,RP,Pitcher,0.0,26.8,4.8,0.0,23.8,0.0,-1,9.7,63.37
LAA,Matt Moore,RP,Pitcher,0.0,23.9,4.8,0.0,18.9,0.0,-1,8.6,63.37
LAA,Ben Joyce,RP,Pitcher,0.0,24.0,3.2,0.0,18.2,0.0,-1,8.3,63.37
LAA,Luis García,RP,Pitcher,0.0,23.0,4.8,0.0,17.7,0.0,-1,8.3,63.37
LAA,José Suarez,SP,Pitcher,0.0,20.7,4.8,0.0,17.9,0.0,1,7.7,63.37
LAA,José Cisnero,RP,Pitcher,0.0,20.4,4.8,0.0,16.9,0.0,-1,7.5,63.37
LAA,Zach Plesac,SP,Pitcher,0.0,18.4,6.4,0.0,17.2,0.0,0,7.2,63.37
LAA,Andrew Wantz,RP,Pitcher,0.0,17.6,3.2,0.0,13.5,0.0,1,6.3,63.37
LAA,Jimmy Herget,RP,Pitcher,0.0,16.8,3.2,0.0,10.7,0.0,1,6.0,63.37
LAA,Kenny Rosenberg,SP,Pitcher,0.0,16.9,3.2,0.0,12.3,0.0,0,6.0,63.37
LAA,Adam Cimber,RP,Pitcher,0.0,15.4,4.8,0.0,11.2,0.0,-1,5.7,63.37
LAA,Davis Daniel,SP,Pitcher,0.0,13.5,3.2,0.0,10.1,0.0,0,4.9,63.37
LAA,Guillermo Zuñiga,RP,Pitcher,0.0,14.1,1.6,0.0,9.3,0.0,0,4.9,63.37
LAA,José Quijada,RP,Pitcher,0.0,13.3,1.6,0.0,5.3,0.0,0,4.4,63.37
LAA,Sam Bachman,SP,Pitcher,0.0,12.3,1.6,0.0,6.9,0.0,0,4.2,63.37
LAA,Kelvin Caceres,RP,Pitcher,0.0,11.9,1.6,0.0,8.1,0.0,0,4.1,63.37
LAA,Hunter Strickland,RP,Pitcher,0.0,11.6,1.6,0.0,8.1,0.0,1,4.1,63.37
LAA,Adam Kolarek,RP,Pitcher,0.0,10.8,1.6,0.0,3.5,0.0,0,3.6,63.37
LAA,José Marte,RP,Pitcher,0.0,10.0,1.6,0.0,6.2,0.0,0,3.5,63.37
LAA,Alan Rangel,SP,Pitcher,0.0,11.3,0.0,0.0,2.5,0.0,0,3.5,63.37
LAA,Carson Fulmer,SP,Pitcher,0.0,10.2,1.6,0.0,4.4,0.0,0,3.5,63.37
LAA,Victor Mederos,SP,Pitcher,0.0,9.1,1.6,0.0,3.2,0.0,0,3.1,63.37
LAD,Shohei Ohtani,DH,Batter,93.3,0.0,65.3,18.8,131.2,6.8,0,45.1,87.41
LAD,Mookie Betts,RF,Batter,86.4,0.0,65.7,12.4,148.9,13.0,0,43.8,87.41
LAD,Freddie Freeman,1B,Batter,83.2,0.0,58.6,14.0,159.5,16.6,-1,42.5,87.41
LAD,Max Muncy,3B,Batter,70.4,0.0,48.9,1.2,99.0,9.0,0,33.2,87.41
LAD,Teoscar Hernández,RF,Batter,72.6,0.0,34.2,6.8,108.9,7.1,0,32.4,87.41
LAD,James Outman,CF,Batter,64.1,0.0,44.7,14.0,102.6,13.0,0,32.2,87.41
LAD,Will Smith,C,Batter,61.9,0.0,44.0,4.0,101.3,17.4,0,30.9,87.41
LAD,Chris Taylor,SS,Batter,49.0,0.0,32.6,12.0,72.2,6.1,0,23.9,87.41
LAD,Gavin Lux,SS,Batter,40.4,0.0,19.3,11.6,84.3,0.0,1,19.4,87.41
LAD,Jason Heyward,RF,Batter,37.6,0.0,27.2,2.4,64.3,6.4,1,18.7,87.41
LAD,Enrique Hernández,SS,Batter,37.4,0.0,23.0,2.8,68.0,4.5,1,18.0,87.41
LAD,Miguel Vargas,2B,Batter,34.4,0.0,21.8,4.0,51.2,7.9,1,16.6,87.41
LAD,Miguel Rojas,SS,Batter,26.1,0.0,15.7,4.4,42.2,6.7,1,12.8,87.41
LAD,Austin Barnes,C,Batter,20.0,0.0,11.4,1.6,26.3,4.6,1,9.3,87.41
LAD,Travis Swaggerty,LF,Batter,16.1,0.0,5.5,3.6,16.2,0.0,1,6.6,87.41
LAD,Brendon Davis,LF,Batter,13.7,0.0,3.8,1.6,11.2,0.0,1,5.3,87.41
LAD,Chris Owings,2B,Batter,11.7,0.0,3.6,0.8,9.6,0.0,1,4.6,87.41
LAD,Andy Pages,RF,Batter,11.6,0.0,4.0,0.0,6.7,0.0,1,4.4,87.41
LAD,Jonathan Araúz,2B,Batter,10.7,0.0,4.9,0.0,7.2,2.0,1,4.4,87.41
LAD,Kevin Padlo,3B,Batter,11.1,0.0,3.7,0.8,9.0,0.0,1,4.4,87.41
LAD,Diego Cartaya,C,Batter,9.0,0.0,2.7,0.0,4.1,0.0,1,3.3,87.41
LAD,Chris Okey,C,Batter,9.2,0.0,2.4,0.0,3.0,0.0,1,3.3,87.41
LAD,Hunter Feduccia,C,Batter,7.5,0.0,2.4,0.0,1.5,0.0,1,2.7,87.41
LAD,Ryan Ward,LF,Batter,6.4,0.0,3.3,0.0,1.1,0.0,1,2.5,87.41
LAD,Yoshinobu Yamamoto,SP,Pitcher,0.0,54.1,20.8,0.0,61.1,0.0,0,21.8,87.41
LAD,Tyler Glasnow,SP,Pitcher,0.0,52.0,17.6,0.0,57.2,0.0,0,20.5,87.41
LAD,Bobby Miller,SP,Pitcher,0.0,45.3,19.2,0.0,49.6,0.0,0,18.5,87.41
LAD,Evan Phillips,RP,Pitcher,0.0,52.0,6.4,0.0,21.9,0.0,-1,17.4,87.41
LAD,Walker Buehler,SP,Pitcher,0.0,39.2,16.0,0.0,38.7,0.0,0,15.7,87.41
LAD,Emmet Sheehan,SP,Pitcher,0.0,33.8,9.6,0.0,35.7,0.0,1,13.1,87.41
LAD,Brusdar Graterol,RP,Pitcher,0.0,32.6,6.4,0.0,15.2,0.0,-1,11.3,87.41
LAD,Joe Kelly,RP,Pitcher,0.0,30.1,6.4,0.0,22.7,0.0,-1,10.8,87.41
LAD,James Paxton,SP,Pitcher,0.0,26.9,9.6,0.0,26.2,0.0,0,10.6,87.41
LAD,Alex Vesia,RP,Pitcher,0.0,28.6,6.4,0.0,22.3,0.0,-1,10.4,87.41
LAD,Clayton Kershaw,SP,Pitcher,0.0,25.9,9.6,0.0,19.8,0.0,0,10.0,87.41
LAD,Dinelson Lamet,SP,Pitcher,0.0,27.2,4.8,0.0,23.1,0.0,1,9.8,87.41
LAD,Ryan Yarbrough,SP,Pitcher,0.0,23.4,9.6,0.0,19.9,0.0,1,9.3,87.41
LAD,Ryan Brasier,RP,Pitcher,0.0,24.7,4.8,0.0,18.0,0.0,-1,8.8,87.41
LAD,Daniel Hudson,RP,Pitcher,0.0,24.4,4.8,0.0,12.1,0.0,1,8.6,87.41
LAD,Kyle Hurt,RP,Pitcher,0.0,22.6,4.8,0.0,18.4,0.0,1,8.3,87.41
LAD,Blake Treinen,RP,Pitcher,0.0,24.4,3.2,0.0,9.9,0.0,1,8.2,87.41
LAD,Michael Grove,SP,Pitcher,0.0,21.2,4.8,0.0,16.0,0.0,1,7.8,87.41
LAD,J.P. Feyereisen,RP,Pitcher,0.0,19.9,4.8,0.0,14.2,0.0,1,7.3,87.41
LAD,Dustin May,SP,Pitcher,0.0,20.9,3.2,0.0,8.3,0.0,0,7.1,87.41
LAD,Gus Varland,SP,Pitcher,0.0,13.9,3.2,0.0,8.2,0.0,0,5.0,87.41
LAD,Nick Frasso,RP,Pitcher,0.0,14.9,1.6,0.0,3.5,0.0,0,4.8,87.41
LAD,Matt Gage,SP,Pitcher,0.0,14.5,1.6,0.0,6.0,0.0,0,4.8,87.41
LAD,Landon Knack,SP,Pitcher,0.0,14.0,1.6,0.0,4.4,0.0,0,4.6,87.41
LAD,Ricky Vanasco,SP,Pitcher,0.0,13.3,1.6,0.0,6.3,0.0,0,4.5,87.41
LAD,Elieser Hernández,SP,Pitcher,0.0,12.6,1.6,0.0,7.5,0.0,0,4.3,87.41
LAD,Gavin Stone,SP,Pitcher,0.0,8.9,3.2,0.0,9.1,0.0,0,3.5,87.41
LAD,Nabil Crismatt,SP,Pitcher,0.0,10.4,0.0,0.0,3.4,0.0,0,3.3,87.41
LAD,Justin Wilson,RP,Pitcher,0.0,8.8,1.6,0.0,5.0,0.0,0,3.1,87.41
LAD,Jesse Hahn,RP,Pitcher,0.0,0.2,0.0,0.0,0.3,0.0,0,0.1,87.41
LAD,Tony Gonsolin,SP,Pitcher,0.0,0.0,0.0,0.0,0.0,0.0,0,0.0,87.41
MIA,Jazz Chisholm Jr.,CF,Batter,79.1,0.0,34.4,26.4,106.4,4.2,0,35.6,58.11
MIA,Jake Burger,3B,Batter,67.2,0.0,34.9,2.8,103.0,12.0,0,30.7,58.11
MIA,Josh Bell,1B,Batter,57.8,0.0,44.2,1.2,103.7,5.3,0,28.6,58.11
MIA,Luis Arraez,2B,Batter,45.4,0.0,37.8,6.4,127.5,11.4,0,25.8,58.11
MIA,Bryan De La Cruz,LF,Batter,54.1,0.0,34.4,4.0,94.6,3.0,0,25.7,58.11
MIA,Jesús Sánchez,RF,Batter,48.8,0.0,35.0,5.6,77.3,4.1,0,23.8,58.11
MIA,Tim Anderson,SS,Batter,41.5,0.0,28.2,13.6,101.0,4.1,0,22.1,58.11
MIA,Jon Berti,SS,Batter,38.8,0.0,22.2,16.0,66.9,4.6,1,19.3,58.11
MIA,Nick Fortes,C,Batter,33.0,0.0,17.6,4.4,55.1,8.0,1,15.8,58.11
MIA,Avisaíl García,RF,Batter,34.0,0.0,16.1,4.4,47.2,5.3,1,15.3,58.11
MIA,Christian Bethancourt,C,Batter,31.9,0.0,15.6,1.6,51.5,1.0,1,14.2,58.11
MIA,Nick Gordon,CF,Batter,28.2,0.0,13.5,6.4,42.8,0.6,1,12.8,58.11
MIA,Vidal Bruján,2B,Batter,24.4,0.0,11.3,6.4,29.4,5.3,1,11.2,58.11
MIA,Xavier Edwards,2B,Batter,17.0,0.0,5.5,3.2,17.0,2.5,1,7.1,58.11
MIA,Troy Johnston,1B,Batter,15.6,0.0,4.8,0.8,14.0,0.0,1,6.1,58.11
MIA,Jonah Bride,3B,Batter,12.8,0.0,5.7,0.0,8.7,5.6,1,5.5,58.11
MIA,Jonathan Davis,CF,Batter,12.9,0.0,4.6,0.0,8.2,2.9,1,5.2,58.11
MIA,Curt Casali,C,Batter,11.6,0.0,5.8,0.0,7.2,4.0,1,5.0,58.11
MIA,Dane Myers,CF,Batter,13.2,0.0,4.1,0.4,7.5,0.8,1,5.0,58.11
MIA,Tristan Gray,3B,Batter,12.2,0.0,4.1,0.0,7.8,0.0,1,4.6,58.11
MIA,Jacob Amaya,SS,Batter,10.6,0.0,3.1,0.0,7.1,0.0,1,4.0,58.11
MIA,Victor Mesa Jr.,CF,Batter,9.2,0.0,2.1,0.0,1.9,0.0,1,3.2,58.11
MIA,Paul McIntosh,C,Batter,7.0,0.0,1.8,0.0,1.5,0.0,1,2.5,58.11
MIA,Jesús Luzardo,SP,Pitcher,0.0,52.2,17.6,0.0,61.0,0.0,1,20.8,58.11
MIA,Tanner Scott,RP,Pitcher,0.0,54.5,8.0,0.0,29.3,0.0,-2,18.6,58.11
MIA,Eury Pérez,SP,Pitcher,0.0,47.5,14.4,0.0,51.0,0.0,0,18.4,58.11
MIA,Braxton Garrett,SP,Pitcher,0.0,40.2,14.4,0.0,42.2,0.0,0,15.9,58.11
MIA,Edward Cabrera,SP,Pitcher,0.0,40.0,14.4,0.0,44.2,0.0,0,15.9,58.11
MIA,A.J. Puk,SP,Pitcher,0.0,37.1,9.6,0.0,34.3,0.0,1,14.0,58.11
MIA,Trevor Rogers,SP,Pitcher,0.0,31.7,8.0,0.0,32.4,0.0,0,12.0,58.11
MIA,Andrew Nardi,RP,Pitcher,0.0,31.3,4.8,0.0,23.3,0.0,-1,11.0,58.11
MIA,Max Meyer,SP,Pitcher,0.0,24.8,6.4,0.0,23.3,0.0,0,9.3,58.11
MIA,Anthony Bender,RP,Pitcher,0.0,23.3,3.2,0.0,11.2,0.0,1,8.0,58.11
MIA,Anthony Maldonado,RP,Pitcher,0.0,21.2,4.8,0.0,13.6,0.0,1,7.7,58.11
MIA,Ryan Weathers,SP,Pitcher,0.0,20.4,4.8,0.0,18.6,0.0,1,7.6,58.11
MIA,George Soriano,RP,Pitcher,0.0,21.4,3.2,0.0,17.0,0.0,-1,7.5,58.11
MIA,JT Chargois,RP,Pitcher,0.0,20.4,3.2,0.0,15.1,0.0,-1,7.1,58.11
MIA,Huascar Brazoban,RP,Pitcher,0.0,18.9,1.6,0.0,12.2,0.0,1,6.5,58.11
MIA,Sixto Sánchez,SP,Pitcher,0.0,17.8,1.6,0.0,6.6,0.0,0,5.9,58.11
MIA,Bryan Hoeing,RP,Pitcher,0.0,14.9,3.2,0.0,9.9,0.0,1,5.4,58.11
MIA,Josh Simpson,RP,Pitcher,0.0,16.0,1.6,0.0,7.2,0.0,0,5.3,58.11
MIA,Yonny Chirinos,SP,Pitcher,0.0,13.3,3.2,0.0,7.7,0.0,0,4.8,58.11
MIA,Calvin Faucher,RP,Pitcher,0.0,14.2,1.6,0.0,7.8,0.0,0,4.8,58.11
MIA,Declan Cronin,RP,Pitcher,0.0,13.0,3.2,0.0,8.0,0.0,1,4.8,58.11
MIA,Eli Villalobos,RP,Pitcher,0.0,14.1,1.6,0.0,6.6,0.0,0,4.7,58.11
MIA,Darren McCaughan,SP,Pitcher,0.0,12.5,1.6,0.0,3.5,0.0,0,4.1,58.11
MIA,Roddery Muñoz,RP,Pitcher,0.0,11.8,1.6,0.0,5.7,0.0,0,4.0,58.11
MIA,Devin Smeltzer,SP,Pitcher,0.0,11.3,0.0,0.0,2.8,0.0,0,3.5,58.11
MIA,Jeff Lindgren,SP,Pitcher,0.0,9.9,1.6,0.0,4.1,0.0,0,3.4,58.11
MIA,Matt Andriese,RP,Pitcher,0.0,10.0,0.0,0.0,1.6,0.0,0,3.1,58.11
MIA,Vladimir Gutierrez,SP,Pitcher,0.0,7.5,1.6,0.0,5.0,0.0,0,2.7,58.11
MIA,Sandy Alcantara,SP,Pitcher,0.0,0.0,0.0,0.0,0.0,0.0,0,0.0,58.11
MIL,Christian Yelich,LF,Batter,65.3,0.0,52.7,19.2,124.6,7.0,0,34.6,63.48
MIL,Willy Adames,SS,Batter,70.9,0.0,51.5,6.4,109.8,7.9,0,34.5,63.48
MIL,William Contreras,C,Batter,59.4,0.0,45.3,4.0,111.7,7.8,0,30.0,63.48
MIL,Sal Frelick,RF,Batter,47.4,0.0,47.2,17.6,95.1,7.4,0,27.1,63.48
MIL,Jackson Chourio,CF,Batter,61.4,0.0,17.3,19.2,89.7,0.0,1,26.2,63.48
MIL,Rhys Hoskins,1B,Batter,62.6,0.0,20.8,2.8,98.0,0.0,1,26.1,63.48
MIL,Brice Turang,2B,Batter,45.0,0.0,30.8,18.4,75.1,3.8,0,22.9,63.48
MIL,Garrett Mitchell,CF,Batter,46.0,0.0,30.0,8.8,78.9,1.7,1,22.3,63.48
MIL,Joey Wiemer,CF,Batter,37.1,0.0,20.6,7.2,48.5,5.6,1,17.2,63.48
MIL,Joey Ortiz,2B,Batter,34.3,0.0,16.7,8.4,62.6,0.0,0,16.0,63.48
MIL,Gary Sánchez,C,Batter,34.8,0.0,17.4,0.8,38.7,6.0,1,15.2,63.48
MIL,Jake Bauers,1B,Batter,27.9,0.0,16.4,3.2,32.3,2.6,1,12.7,63.48
MIL,Tyler Black,2B,Batter,26.2,0.0,9.8,9.6,34.0,0.0,1,11.5,63.48
MIL,Andruw Monasterio,2B,Batter,22.5,0.0,15.7,4.0,33.6,4.9,1,11.2,63.48
MIL,Owen Miller,2B,Batter,20.1,0.0,9.6,2.4,24.1,3.3,1,8.9,63.48
MIL,Blake Perkins,RF,Batter,14.0,0.0,7.6,1.2,9.9,4.0,1,6.2,63.48
MIL,Eric Haase,C,Batter,14.1,0.0,5.8,0.0,11.1,1.5,1,5.7,63.48
MIL,Christian Arroyo,2B,Batter,13.3,0.0,4.1,-0.4,7.5,0.8,1,5.0,63.48
MIL,Oliver Dunn,2B,Batter,12.1,0.0,3.8,0.8,5.6,0.0,1,4.5,63.48
MIL,Vinny Capra,3B,Batter,11.2,0.0,4.3,0.0,4.5,4.0,1,4.5,63.48
MIL,Brewer Hicklen,LF,Batter,11.5,0.0,3.9,0.8,4.2,0.0,1,4.3,63.48
MIL,Jeferson Quero,C,Batter,11.8,0.0,2.6,0.0,3.5,0.0,1,4.1,63.48
MIL,Yonny Hernandez,2B,Batter,10.4,0.0,2.5,0.8,2.6,2.8,1,3.9,63.48
MIL,Wes Clarke,1B,Batter,9.1,0.0,3.1,0.0,2.5,0.0,1,3.3,63.48
MIL,Chris Roller,LF,Batter,7.0,0.0,1.8,0.0,1.5,0.0,1,2.5,63.48
MIL,Freddy Peralta,SP,Pitcher,0.0,54.2,19.2,0.0,62.3,0.0,0,21.6,63.48
MIL,DL Hall,RP,Pitcher,0.0,38.4,9.6,0.0,40.1,0.0,1,14.6,63.48
MIL,Devin Williams,RP,Pitcher,0.0,43.3,4.8,0.0,15.5,0.0,1,14.4,63.48
MIL,Joel Payamps,RP,Pitcher,0.0,36.6,6.4,0.0,21.7,0.0,-1,12.8,63.48
MIL,Colin Rea,SP,Pitcher,0.0,31.5,11.2,0.0,34.8,0.0,0,12.5,63.48
MIL,Robert Gasser,SP,Pitcher,0.0,31.9,9.6,0.0,34.0,0.0,0,12.4,63.48
MIL,Jakob Junis,SP,Pitcher,0.0,31.8,8.0,0.0,33.3,0.0,1,12.1,63.48
MIL,Wade Miley,SP,Pitcher,0.0,29.2,12.8,0.0,30.5,0.0,0,11.9,63.48
MIL,Trevor Megill,RP,Pitcher,0.0,33.3,4.8,0.0,23.3,0.0,-1,11.6,63.48
MIL,Abner Uribe,RP,Pitcher,0.0,31.0,3.2,0.0,23.5,0.0,-1,10.7,63.48
MIL,Joe Ross,SP,Pitcher,0.0,24.7,6.4,0.0,23.0,0.0,1,9.4,63.48
MIL,Aaron Ashby,SP,Pitcher,0.0,24.5,4.8,0.0,21.3,0.0,0,8.9,63.48
MIL,Hoby Milner,RP,Pitcher,0.0,25.4,3.2,0.0,17.7,0.0,-1,8.8,63.48
MIL,Taylor Clarke,RP,Pitcher,0.0,21.8,4.8,0.0,18.5,0.0,-1,8.0,63.48
MIL,Elvis Peguero,RP,Pitcher,0.0,20.9,4.8,0.0,15.2,0.0,-1,7.6,63.48
MIL,Bryan Hudson,RP,Pitcher,0.0,21.6,3.2,0.0,15.1,0.0,1,7.6,63.48
MIL,Bryse Wilson,RP,Pitcher,0.0,20.4,4.8,0.0,15.9,0.0,-1,7.4,63.48
MIL,J.B. Bukauskas,SP,Pitcher,0.0,17.5,3.2,0.0,10.4,0.0,1,6.2,63.48
MIL,Thyago Vieira,RP,Pitcher,0.0,17.3,1.6,0.0,9.1,0.0,0,5.8,63.48
MIL,Jacob Misiorowski,SP,Pitcher,0.0,14.4,1.6,0.0,8.4,0.0,0,4.9,63.48
MIL,Carlos Rodriguez,SP,Pitcher,0.0,13.7,1.6,0.0,7.5,0.0,0,4.6,63.48
MIL,Janson Junk,SP,Pitcher,0.0,12.8,3.2,0.0,7.7,0.0,0,4.6,63.48
MIL,Enoli Paredes,SP,Pitcher,0.0,13.8,1.6,0.0,5.0,0.0,0,4.6,63.48
MIL,Rob Zastryzny,RP,Pitcher,0.0,10.4,1.6,0.0,4.1,0.0,0,3.5,63.48
MIL,Easton McGee,RP,Pitcher,0.0,6.6,1.6,0.0,4.4,0.0,0,2.4,63.48
MIL,Brandon Woodruff,SP,Pitcher,0.0,0.0,0.0,0.0,0.0,0.0,0,0.0,63.48
MIN,Royce Lewis,3B,Batter,72.4,0.0,38.4,11.2,110.0,6.2,0,33.3,72.7
MIN,Edouard Julien,2B,Batter,53.9,0.0,53.5,9.2,103.1,6.9,-1,29.6,72.7
MIN,Byron Buxton,CF,Batter,62.1,0.0,37.8,11.2,86.0,6.7,1,29.2,72.7
MIN,Carlos Correa,SS,Batter,56.0,0.0,44.5,1.2,106.3,6.9,0,28.4,72.7
MIN,Max Kepler,RF,Batter,57.6,0.0,37.5,4.0,96.2,6.5,0,27.6,72.7
MIN,Matt Wallner,RF,Batter,51.3,0.0,37.4,4.0,79.3,21.5,0,26.2,72.7
MIN,Carlos Santana,1B,Batter,49.1,0.0,36.8,3.6,80.1,4.7,1,24.2,72.7
MIN,Willi Castro,LF,Batter,46.4,0.0,29.3,20.0,74.8,12.6,0,23.9,72.7
MIN,Alex Kirilloff,1B,Batter,48.3,0.0,30.0,2.8,75.5,10.4,1,23.1,72.7
MIN,Ryan Jeffers,C,Batter,41.1,0.0,26.2,2.4,59.1,11.5,1,19.8,72.7
MIN,Manuel Margot,CF,Batter,36.5,0.0,22.9,8.4,63.2,6.0,1,18.1,72.7
MIN,Kyle Farmer,3B,Batter,28.2,0.0,16.8,1.2,44.9,7.0,1,13.5,72.7
MIN,Christian Vázquez,C,Batter,26.6,0.0,17.4,1.6,45.9,3.2,1,12.9,72.7
MIN,Trevor Larnach,LF,Batter,27.4,0.0,19.3,1.6,33.4,3.5,1,12.9,72.7
MIN,Jose Miranda,3B,Batter,23.3,0.0,10.6,0.0,29.7,3.9,1,10.1,72.7
MIN,Brooks Lee,SS,Batter,17.0,0.0,7.4,2.0,21.5,0.0,1,7.3,72.7
MIN,Brian O'Keefe,C,Batter,10.8,0.0,5.0,0.0,5.7,2.7,1,4.5,72.7
MIN,Austin Martin,2B,Batter,10.5,0.0,3.4,0.8,6.0,0.0,1,4.0,72.7
MIN,Niko Goodrum,3B,Batter,10.9,0.0,2.7,0.8,5.2,0.0,1,4.0,72.7
MIN,Yunior Severino,3B,Batter,10.4,0.0,3.6,0.0,3.7,0.0,1,3.9,72.7
MIN,Jair Camargo,C,Batter,10.9,0.0,2.4,0.0,3.5,0.0,1,3.8,72.7
MIN,Pablo López,SP,Pitcher,0.0,55.2,20.8,0.0,63.8,0.0,1,22.3,72.7
MIN,Jhoan Duran,RP,Pitcher,0.0,60.2,8.0,0.0,28.6,0.0,-2,20.3,72.7
MIN,Joe Ryan,SP,Pitcher,0.0,51.0,17.6,0.0,58.9,0.0,0,20.3,72.7
MIN,Bailey Ober,SP,Pitcher,0.0,44.5,16.0,0.0,49.1,0.0,0,17.7,72.7
MIN,Louie Varland,SP,Pitcher,0.0,37.9,12.8,0.0,40.1,0.0,1,14.9,72.7
MIN,Chris Paddack,SP,Pitcher,0.0,30.2,12.8,0.0,32.3,0.0,0,12.3,72.7
MIN,Anthony DeSclafani,SP,Pitcher,0.0,27.8,9.6,0.0,28.6,0.0,1,11.0,72.7
MIN,Griffin Jax,SP,Pitcher,0.0,27.3,6.4,0.0,20.0,0.0,-1,9.9,72.7
MIN,Brock Stewart,RP,Pitcher,0.0,27.5,3.2,0.0,21.2,0.0,-1,9.5,72.7
MIN,Caleb Thielbar,RP,Pitcher,0.0,26.2,4.8,0.0,19.1,0.0,-1,9.3,72.7
MIN,Steven Okert,RP,Pitcher,0.0,25.5,4.8,0.0,20.9,0.0,-1,9.2,72.7
MIN,Justin Topa,RP,Pitcher,0.0,22.7,4.8,0.0,15.9,0.0,-1,8.1,72.7
MIN,Jay Jackson,RP,Pitcher,0.0,21.9,4.8,0.0,15.4,0.0,1,8.0,72.7
MIN,Kody Funderburk,RP,Pitcher,0.0,21.6,3.2,0.0,13.2,0.0,1,7.5,72.7
MIN,Jorge Alcala,RP,Pitcher,0.0,19.6,3.2,0.0,13.5,0.0,1,6.9,72.7
MIN,Josh Staumont,RP,Pitcher,0.0,17.5,3.2,0.0,13.1,0.0,1,6.3,72.7
MIN,Cole Sands,SP,Pitcher,0.0,17.1,3.2,0.0,10.4,0.0,1,6.1,72.7
MIN,Brent Headrick,RP,Pitcher,0.0,16.3,1.6,0.0,8.8,0.0,0,5.5,72.7
MIN,Simeon Woods Richardson,SP,Pitcher,0.0,15.3,3.2,0.0,9.2,0.0,0,5.4,72.7
MIN,Josh Winder,SP,Pitcher,0.0,14.7,3.2,0.0,8.6,0.0,0,5.2,72.7
MIN,Jovani Moran,RP,Pitcher,0.0,16.0,0.0,0.0,4.6,0.0,0,5.0,72.7
MIN,Jeff Brigham,RP,Pitcher,0.0,14.9,1.6,0.0,7.5,0.0,0,5.0,72.7
MIN,David Festa,SP,Pitcher,0.0,14.1,1.6,0.0,5.4,0.0,0,4.7,72.7
MIN,Daniel Duarte,RP,Pitcher,0.0,13.8,1.6,0.0,7.2,0.0,0,4.7,72.7
MIN,Jordan Balazovic,SP,Pitcher,0.0,13.7,1.6,0.0,5.7,0.0,0,4.6,72.7
MIN,Matt Canterino,SP,Pitcher,0.0,13.6,1.6,0.0,5.7,0.0,0,4.5,72.7
MIN,Zack Weiss,RP,Pitcher,0.0,12.9,1.6,0.0,7.2,0.0,0,4.4,72.7
MIN,Matt Bowman,RP,Pitcher,0.0,12.7,1.6,0.0,5.4,0.0,0,4.3,72.7
MIN,Randy Dobnak,RP,Pitcher,0.0,12.8,1.6,0.0,3.8,0.0,0,4.2,72.7
MIN,Ronny Henriquez,RP,Pitcher,0.0,11.3,1.6,0.0,5.0,0.0,0,3.8,72.7
MIN,Ryan Jensen,SP,Pitcher,0.0,9.4,1.6,0.0,5.3,0.0,0,3.3,72.7
MIN,Patrick Murphy,SP,Pitcher,0.0,6.9,1.6,0.0,5.6,0.0,0,2.5,72.7
MIN,A.J. Alexy,SP,Pitcher,0.0,6.8,1.6,0.0,5.9,0.0,0,2.5,72.7
NYM,Pete Alonso,1B,Batter,91.5,0.0,45.0,4.0,119.6,20.5,-1,40.9,80.48
NYM,Francisco Lindor,SS,Batter,83.1,0.0,47.6,18.8,129.6,13.1,-1,39.8,80.48
NYM,Brandon Nimmo,CF,Batter,54.9,0.0,51.7,7.6,123.4,12.0,0,30.7,80.48
NYM,J.D. Martinez,DH,Batter,62.7,0.0,35.3,2.0,93.0,3.5,1,28.3,80.48
NYM,Starling Marte,RF,Batter,54.8,0.0,25.4,23.6,90.5,10.9,1,26.7,80.48
NYM,Francisco Alvarez,C,Batter,58.8,0.0,28.9,1.6,81.3,7.0,0,25.9,80.48
NYM,Jeff McNeil,2B,Batter,45.2,0.0,36.5,8.0,110.1,17.7,0,25.5,80.48
NYM,Harrison Bader,CF,Batter,44.7,0.0,21.6,15.6,67.1,4.6,1,21.0,80.48
NYM,Brett Baty,3B,Batter,43.6,0.0,25.6,2.4,75.3,3.6,1,20.5,80.48
NYM,Mark Vientos,3B,Batter,45.2,0.0,18.1,2.0,64.0,5.1,1,19.4,80.48
NYM,Tyrone Taylor,RF,Batter,38.1,0.0,17.1,8.0,52.6,4.4,1,17.1,80.48
NYM,Joey Wendle,SS,Batter,25.7,0.0,16.7,7.6,44.7,3.0,1,12.9,80.48
NYM,DJ Stewart,RF,Batter,23.8,0.0,11.6,0.4,25.7,7.0,1,10.5,80.48
NYM,Omar Narváez,C,Batter,20.8,0.0,16.5,0.0,35.1,4.5,1,10.5,80.48
NYM,Luke Voit,1B,Batter,23.2,0.0,8.1,0.8,26.0,4.6,1,9.7,80.48
NYM,Ji Man Choi,1B,Batter,20.9,0.0,11.2,0.0,23.8,3.0,1,9.2,80.48
NYM,Trayce Thompson,CF,Batter,13.6,0.0,6.2,0.8,6.9,3.3,1,5.7,80.48
NYM,Zack Short,2B,Batter,13.6,0.0,6.0,0.8,8.4,2.8,1,5.6,80.48
NYM,Ronny Mauricio,SS,Batter,13.5,0.0,4.3,0.8,6.5,1.3,1,5.2,80.48
NYM,Yolmer Sánchez,3B,Batter,12.1,0.0,3.2,0.8,9.2,0.0,1,4.6,80.48
NYM,Luisangel Acuña,SS,Batter,12.1,0.0,2.3,1.6,6.1,0.0,1,4.4,80.48
NYM,Ben Gamel,RF,Batter,11.6,0.0,3.2,0.8,7.1,0.0,1,4.4,80.48
NYM,Drew Gilbert,CF,Batter,11.1,0.0,3.0,0.8,6.2,0.0,1,4.2,80.48
NYM,Austin Allen,C,Batter,10.8,0.0,3.3,0.0,6.0,0.0,1,4.0,80.48
NYM,José Iglesias,SS,Batter,10.6,0.0,3.1,0.0,5.3,0.0,1,3.9,80.48
NYM,Rylan Bannon,3B,Batter,10.2,0.0,2.8,0.8,6.7,0.0,1,3.9,80.48
NYM,Tomás Nido,C,Batter,9.4,0.0,3.2,0.0,3.0,1.3,1,3.6,80.48
NYM,Taylor Kohlwey,LF,Batter,8.6,0.0,2.6,0.0,4.5,0.0,1,3.2,80.48
NYM,Edwin Díaz,RP,Pitcher,0.0,65.1,6.4,0.0,31.9,0.0,-2,21.7,80.48
NYM,Sean Manaea,SP,Pitcher,0.0,41.0,14.4,0.0,46.3,0.0,1,16.4,80.48
NYM,Kodai Senga,SP,Pitcher,0.0,40.3,12.8,0.0,41.0,0.0,0,15.7,80.48
NYM,Jose Quintana,SP,Pitcher,0.0,36.4,14.4,0.0,41.3,0.0,0,14.7,80.48
NYM,Luis Severino,SP,Pitcher,0.0,29.2,9.6,0.0,32.1,0.0,0,11.5,80.48
NYM,Adam Ottavino,RP,Pitcher,0.0,32.2,6.4,0.0,20.8,0.0,-1,11.4,80.48
NYM,Adrian Houser,SP,Pitcher,0.0,27.9,11.2,0.0,29.4,0.0,0,11.2,80.48
NYM,Tylor Megill,SP,Pitcher,0.0,25.2,9.6,0.0,26.6,0.0,0,10.1,80.48
NYM,Jake Diekman,RP,Pitcher,0.0,25.7,4.8,0.0,21.9,0.0,-1,9.3,80.48
NYM,Brooks Raley,RP,Pitcher,0.0,26.4,3.2,0.0,19.5,0.0,-1,9.1,80.48
NYM,Jorge López,RP,Pitcher,0.0,24.6,6.4,0.0,18.8,0.0,-1,9.0,80.48
NYM,David Peterson,SP,Pitcher,0.0,23.8,4.8,0.0,21.6,0.0,0,8.7,80.48
NYM,Drew Smith,RP,Pitcher,0.0,23.9,4.8,0.0,18.9,0.0,-1,8.6,80.48
NYM,Michael Tonkin,RP,Pitcher,0.0,22.0,4.8,0.0,17.3,0.0,-1,8.0,80.48
NYM,Sean Reid-Foley,SP,Pitcher,0.0,22.2,3.2,0.0,18.7,0.0,1,8.0,80.48
NYM,Shintaro Fujinami,RP,Pitcher,0.0,21.6,4.8,0.0,19.1,0.0,-1,7.9,80.48
NYM,Joey Lucchesi,SP,Pitcher,0.0,17.0,4.8,0.0,11.5,0.0,0,6.3,80.48
NYM,Yohan Ramírez,RP,Pitcher,0.0,16.4,1.6,0.0,10.6,0.0,1,5.6,80.48
NYM,Cole Sulser,RP,Pitcher,0.0,16.6,1.6,0.0,7.2,0.0,0,5.5,80.48
NYM,Grant Hartwig,RP,Pitcher,0.0,15.4,3.2,0.0,8.2,0.0,0,5.4,80.48
NYM,Bryce Montes De Oca,RP,Pitcher,0.0,14.4,3.2,0.0,11.5,0.0,0,5.3,80.48
NYM,Kyle Crick,RP,Pitcher,0.0,15.7,1.6,0.0,6.3,0.0,0,5.2,80.48
NYM,José Buttó,SP,Pitcher,0.0,14.9,1.6,0.0,8.8,0.0,0,5.1,80.48
NYM,Cam Robinson,RP,Pitcher,0.0,15.2,1.6,0.0,8.5,0.0,0,5.1,80.48
NYM,Kolton Ingram,RP,Pitcher,0.0,14.7,1.6,0.0,6.9,0.0,0,4.9,80.48
NYM,Danny Young,RP,Pitcher,0.0,13.8,1.6,0.0,4.7,0.0,0,4.6,80.48
NYM,Max Kranick,SP,Pitcher,0.0,13.7,1.6,0.0,4.5,0.0,0,4.5,80.48
NYM,Christian Scott,RP,Pitcher,0.0,13.8,0.0,0.0,2.8,0.0,0,4.3,80.48
NYM,Reed Garrett,RP,Pitcher,0.0,12.7,1.6,0.0,5.4,0.0,0,4.3,80.48
NYM,Josh Walker,RP,Pitcher,0.0,12.2,1.6,0.0,3.2,0.0,0,4.0,80.48
NYM,Mike Vasil,SP,Pitcher,0.0,12.2,0.0,0.0,3.1,0.0,0,3.8,80.48
NYM,Dominic Hamel,SP,Pitcher,0.0,11.2,0.0,0.0,1.9,0.0,0,3.4,80.48
NYM,Yacksel Ríos,RP,Pitcher,0.0,5.1,1.6,0.0,3.9,0.0,0,1.9,80.48
NYM,William Woods,RP,Pitcher,0.0,5.0,0.0,0.0,3.3,0.0,0,1.6,80.48
NYY,Juan Soto,LF,Batter,89.0,0.0,70.6,7.6,139.5,9.0,-1,44.1,85.69
NYY,Aaron Judge,RF,Batter,92.4,0.0,65.3,4.0,127.2,5.8,0,43.4,85.69
NYY,Anthony Volpe,SS,Batter,70.5,0.0,42.8,24.0,103.1,6.3,-1,34.1,85.69
NYY,Gleyber Torres,2B,Batter,66.8,0.0,44.6,9.2,117.9,7.8,0,32.8,85.69
NYY,Anthony Rizzo,1B,Batter,57.8,0.0,33.8,4.4,94.5,15.0,0,27.7,85.69
NYY,Giancarlo Stanton,DH,Batter,59.9,0.0,29.6,0.0,72.8,4.3,1,25.7,85.69
NYY,Alex Verdugo,RF,Batter,47.0,0.0,36.7,4.8,104.8,8.8,0,24.9,85.69
NYY,DJ LeMahieu,3B,Batter,39.3,0.0,38.2,3.6,87.3,6.3,0,21.8,85.69
NYY,Trent Grisham,CF,Batter,42.8,0.0,33.2,8.4,64.1,7.1,1,21.7,85.69
NYY,Austin Wells,C,Batter,38.8,0.0,17.1,5.2,52.1,1.7,1,16.9,85.69
NYY,Jasson Domínguez,CF,Batter,31.4,0.0,12.9,8.4,42.2,2.0,1,13.9,85.69
NYY,Jose Trevino,C,Batter,26.7,0.0,15.1,2.0,43.1,5.3,1,12.6,85.69
NYY,Jeter Downs,2B,Batter,17.1,0.0,20.3,2.4,9.8,30.5,1,11.2,85.69
NYY,Oswald Peraza,3B,Batter,22.7,0.0,12.2,4.0,26.6,5.0,1,10.5,85.69
NYY,Oswaldo Cabrera,LF,Batter,21.9,0.0,10.7,3.2,26.1,3.5,1,9.8,85.69
NYY,Luis González,CF,Batter,19.6,0.0,6.8,4.4,23.3,0.0,1,8.2,85.69
NYY,Oscar Gonzalez,RF,Batter,19.1,0.0,5.5,0.0,24.1,1.7,1,7.7,85.69
NYY,Luis Torrens,C,Batter,16.8,0.0,6.4,0.0,17.1,4.2,1,7.1,85.69
NYY,Kevin Smith,SS,Batter,16.1,0.0,5.9,1.6,14.4,1.6,1,6.6,85.69
NYY,Josh VanMeter,2B,Batter,13.4,0.0,5.4,2.0,12.7,0.0,1,5.6,85.69
NYY,Everson Pereira,CF,Batter,13.2,0.0,5.0,0.8,7.2,2.0,1,5.3,85.69
NYY,Ben Rortvedt,C,Batter,11.9,0.0,6.3,0.0,7.2,5.1,1,5.3,85.69
NYY,Greg Allen,CF,Batter,12.8,0.0,3.5,1.2,6.8,3.7,1,5.1,85.69
NYY,Jorbit Vivas,2B,Batter,13.0,0.0,3.3,0.8,7.5,0.0,1,4.8,85.69
NYY,Jordan Groshans,3B,Batter,11.5,0.0,3.4,0.0,7.5,0.0,1,4.3,85.69
NYY,Jahmai Jones,2B,Batter,11.5,0.0,3.2,0.0,4.1,1.5,1,4.3,85.69
NYY,Clay Holmes,RP,Pitcher,0.0,52.3,8.0,0.0,22.7,0.0,-2,17.7,85.69
NYY,Carlos Rodón,SP,Pitcher,0.0,45.0,14.4,0.0,49.6,0.0,0,17.6,85.69
NYY,Gerrit Cole,SP,Pitcher,0.0,43.0,14.4,0.0,41.8,0.0,0,16.7,85.69
NYY,Nestor Cortes,SP,Pitcher,0.0,41.9,14.4,0.0,43.7,0.0,0,16.5,85.69
NYY,Marcus Stroman,SP,Pitcher,0.0,39.1,16.0,0.0,41.5,0.0,0,15.8,85.69
NYY,Clarke Schmidt,SP,Pitcher,0.0,38.2,14.4,0.0,43.4,0.0,0,15.3,85.69
NYY,Caleb Ferguson,RP,Pitcher,0.0,29.2,6.4,0.0,21.2,0.0,-1,10.5,85.69
NYY,Ian Hamilton,RP,Pitcher,0.0,28.9,4.8,0.0,21.7,0.0,-1,10.2,85.69
NYY,Clayton Beeter,SP,Pitcher,0.0,23.2,6.4,0.0,22.3,0.0,0,8.8,85.69
NYY,Jonathan Loáisiga,RP,Pitcher,0.0,24.7,4.8,0.0,12.0,0.0,1,8.7,85.69
NYY,Tommy Kahnle,RP,Pitcher,0.0,24.2,3.2,0.0,16.0,0.0,1,8.4,85.69
NYY,Ron Marinaccio,RP,Pitcher,0.0,22.3,4.8,0.0,18.5,0.0,-1,8.1,85.69
NYY,Luke Weaver,SP,Pitcher,0.0,20.8,4.8,0.0,18.5,0.0,1,7.7,85.69
NYY,Luis Gil,SP,Pitcher,0.0,20.7,3.2,0.0,15.6,0.0,0,7.3,85.69
NYY,Nick Burdi,RP,Pitcher,0.0,21.0,1.6,0.0,16.7,0.0,1,7.3,85.69
NYY,Victor González,RP,Pitcher,0.0,20.2,4.8,0.0,11.5,0.0,1,7.3,85.69
NYY,Will Warren,SP,Pitcher,0.0,18.8,4.8,0.0,13.6,0.0,0,6.9,85.69
NYY,Yerry De Los Santos,RP,Pitcher,0.0,19.2,3.2,0.0,9.2,0.0,0,6.6,85.69
NYY,Scott Effross,RP,Pitcher,0.0,17.6,3.2,0.0,8.6,0.0,1,6.2,85.69
NYY,Nick Ramirez,RP,Pitcher,0.0,16.5,3.2,0.0,8.9,0.0,1,5.8,85.69
NYY,Cody Poteet,SP,Pitcher,0.0,16.1,3.2,0.0,9.8,0.0,1,5.8,85.69
NYY,Cody Morris,SP,Pitcher,0.0,16.0,1.6,0.0,8.1,0.0,0,5.4,85.69
NYY,Chase Hampton,SP,Pitcher,0.0,13.9,3.2,0.0,7.6,0.0,0,5.0,85.69
NYY,Zach Greene,RP,Pitcher,0.0,12.6,3.2,0.0,11.2,0.0,1,4.8,85.69
NYY,Lou Trivino,RP,Pitcher,0.0,14.1,1.6,0.0,6.6,0.0,0,4.7,85.69
NYY,Clayton Andrews,RP,Pitcher,0.0,13.7,1.6,0.0,6.3,0.0,0,4.6,85.69
NYY,Dennis Santana,RP,Pitcher,0.0,13.3,1.6,0.0,6.3,0.0,0,4.5,85.69
NYY,Yoendrys Gómez,RP,Pitcher,0.0,12.9,1.6,0.0,5.0,0.0,0,4.3,85.69
NYY,Tanner Tully,SP,Pitcher,0.0,13.9,0.0,0.0,1.6,0.0,0,4.2,85.69
NYY,McKinley Moore,RP,Pitcher,0.0,12.3,1.6,0.0,6.9,0.0,0,4.2,85.69
NYY,Duane Underwood Jr.,RP,Pitcher,0.0,12.4,1.6,0.0,6.0,0.0,0,4.2,85.69
NYY,Anthony Misiewicz,RP,Pitcher,0.0,12.5,1.6,0.0,4.1,0.0,0,4.1,85.69
NYY,Art Warren,RP,Pitcher,0.0,9.4,1.6,0.0,7.9,0.0,0,3.4,85.69
NYY,Kervin Castro,RP,Pitcher,0.0,6.4,0.0,0.0,4.2,0.0,0,2.1,85.69
OAK,Zack Gelof,2B,Batter,65.6,0.0,43.8,18.8,110.2,7.1,0,32.7,62.61
OAK,Esteury Ruiz,CF,Batter,65.0,0.0,25.4,41.6,85.3,13.8,0,31.1,62.61
OAK,Brent Rooker,LF,Batter,61.5,0.0,36.7,4.4,88.2,10.5,0,28.7,62.61
OAK,Ryan Noda,1B,Batter,49.8,0.0,48.7,5.2,83.6,11.8,0,26.9,62.61
OAK,Seth Brown,LF,Batter,54.9,0.0,33.6,6.4,74.7,3.7,0,25.3,62.61
OAK,Shea Langeliers,C,Batter,50.0,0.0,28.0,4.0,70.5,5.8,0,22.8,62.61
OAK,JJ Bleday,LF,Batter,41.8,0.0,40.4,6.0,67.2,7.7,0,22.4,62.61
OAK,J.D. Davis,3B,Batter,40.3,0.0,26.5,2.8,64.8,5.8,1,19.4,62.61
OAK,Abraham Toro,3B,Batter,34.3,0.0,24.2,4.4,51.9,16.4,0,17.7,62.61
OAK,Lawrence Butler,RF,Batter,34.5,0.0,15.7,6.8,51.7,2.7,1,15.6,62.61
OAK,Tyler Soderstrom,C,Batter,30.7,0.0,19.6,2.0,43.2,3.7,1,14.4,62.61
OAK,Miguel Andujar,LF,Batter,29.8,0.0,17.5,3.6,44.1,3.5,1,13.9,62.61
OAK,Nick Allen,SS,Batter,27.4,0.0,16.9,6.8,50.5,3.4,1,13.6,62.61
OAK,Darell Hernaiz,SS,Batter,29.4,0.0,11.4,8.4,51.3,0.0,1,13.3,62.61
OAK,Aledmys Díaz,SS,Batter,23.7,0.0,13.8,0.8,35.8,6.1,1,11.2,62.61
OAK,Jordan Diaz,2B,Batter,19.7,0.0,9.8,0.0,22.8,2.7,1,8.5,62.61
OAK,Stephen Piscotty,RF,Batter,19.6,0.0,4.3,1.6,21.0,0.0,1,7.6,62.61
OAK,Yohel Pozo,C,Batter,14.4,0.0,4.1,0.0,11.8,0.0,1,5.5,62.61
OAK,Carlos Pérez,C,Batter,12.4,0.0,5.0,0.0,6.6,3.5,1,5.1,62.61
OAK,Lazaro Armenteros,LF,Batter,11.1,0.0,2.7,0.8,3.1,0.0,1,4.0,62.61
OAK,Brett Harris,3B,Batter,10.9,0.0,2.4,0.0,3.5,0.0,1,3.8,62.61
OAK,Hoy Park,2B,Batter,9.2,0.0,2.1,0.0,2.5,0.0,1,3.2,62.61
OAK,Kyle McCann,C,Batter,7.1,0.0,2.8,0.0,2.6,0.0,1,2.7,62.61
OAK,Daz Cameron,CF,Batter,5.5,0.0,2.9,0.0,1.1,0.0,1,2.2,62.61
OAK,JP Sears,SP,Pitcher,0.0,40.8,12.8,0.0,47.3,0.0,0,16.1,62.61
OAK,Mason Miller,RP,Pitcher,0.0,44.1,3.2,0.0,25.5,0.0,-1,14.7,62.61
OAK,Paul Blackburn,SP,Pitcher,0.0,31.7,11.2,0.0,35.2,0.0,0,12.6,62.61
OAK,Alex Wood,SP,Pitcher,0.0,31.2,11.2,0.0,33.6,0.0,0,12.4,62.61
OAK,Joe Boyle,RP,Pitcher,0.0,30.5,8.0,0.0,34.1,0.0,0,11.7,62.61
OAK,Ross Stripling,SP,Pitcher,0.0,30.6,8.0,0.0,30.7,0.0,0,11.6,62.61
OAK,Luis Medina,SP,Pitcher,0.0,28.8,8.0,0.0,31.7,0.0,0,11.1,62.61
OAK,Lucas Erceg,RP,Pitcher,0.0,29.4,4.8,0.0,22.4,0.0,-1,10.4,62.61
OAK,Dany Jiménez,RP,Pitcher,0.0,27.0,3.2,0.0,19.2,0.0,-1,9.3,62.61
OAK,Trevor Gott,RP,Pitcher,0.0,24.5,3.2,0.0,17.4,0.0,-1,8.5,62.61
OAK,Ken Waldichuk,SP,Pitcher,0.0,21.1,4.8,0.0,17.9,0.0,0,7.8,62.61
OAK,Zach Jackson,RP,Pitcher,0.0,21.3,3.2,0.0,16.2,0.0,1,7.6,62.61
OAK,Kyle Muller,SP,Pitcher,0.0,20.4,3.2,0.0,17.9,0.0,1,7.4,62.61
OAK,Mitch Spence,SP,Pitcher,0.0,19.9,4.8,0.0,14.3,0.0,1,7.3,62.61
OAK,Sean Newcomb,RP,Pitcher,0.0,20.7,3.2,0.0,16.6,0.0,-1,7.3,62.61
OAK,Michael Kelly,SP,Pitcher,0.0,20.2,3.2,0.0,15.7,0.0,1,7.2,62.61
OAK,Scott Alexander,RP,Pitcher,0.0,19.1,4.8,0.0,10.0,0.0,1,6.9,62.61
OAK,Austin Adams,RP,Pitcher,0.0,17.2,3.2,0.0,13.1,0.0,1,6.2,62.61
OAK,Joey Estes,SP,Pitcher,0.0,17.2,3.2,0.0,12.3,0.0,0,6.1,62.61
OAK,Hogan Harris,SP,Pitcher,0.0,16.3,3.2,0.0,10.7,0.0,1,5.8,62.61
OAK,Osvaldo Bido,SP,Pitcher,0.0,15.4,1.6,0.0,9.1,0.0,0,5.2,62.61
OAK,Drew Steckenrider,RP,Pitcher,0.0,14.0,3.2,0.0,8.9,0.0,1,5.1,62.61
OAK,Freddy Tarnok,SP,Pitcher,0.0,14.8,1.6,0.0,6.6,0.0,0,4.9,62.61
OAK,Vinny Nittoli,RP,Pitcher,0.0,14.9,1.6,0.0,6.3,0.0,0,4.9,62.61
OAK,Gerardo Reyes,RP,Pitcher,0.0,13.9,1.6,0.0,7.2,0.0,0,4.7,62.61
OAK,Easton Lucas,RP,Pitcher,0.0,14.0,1.6,0.0,4.4,0.0,0,4.6,62.61
OAK,Francisco Pérez,RP,Pitcher,0.0,13.9,1.6,0.0,4.4,0.0,0,4.6,62.61
OAK,T.J. McFarland,RP,Pitcher,0.0,12.7,1.6,0.0,2.3,0.0,0,4.2,62.61
OAK,Royber Salinas,SP,Pitcher,0.0,11.6,0.0,0.0,2.8,0.0,0,3.6,62.61
OAK,Jake Fishman,RP,Pitcher,0.0,6.4,1.6,0.0,3.7,0.0,0,2.3,62.61
OAK,Aaron Brooks,SP,Pitcher,0.0,4.7,1.6,0.0,3.6,0.0,0,1.8,62.61
PHI,Bryce Harper,1B,Batter,84.1,0.0,64.9,12.0,136.0,10.4,-1,42.1,78.9
PHI,Kyle Schwarber,LF,Batter,86.5,0.0,64.7,4.4,120.0,10.0,-1,41.6,78.9
PHI,Trea Turner,SS,Batter,82.0,0.0,44.7,28.0,143.5,7.1,-1,39.8,78.9
PHI,Nick Castellanos,RF,Batter,71.4,0.0,37.7,6.4,117.0,3.8,0,32.6,78.9
PHI,J.T. Realmuto,C,Batter,64.7,0.0,35.5,16.0,99.5,9.5,0,30.7,78.9
PHI,Bryson Stott,2B,Batter,59.1,0.0,37.1,21.2,108.1,8.0,0,29.9,78.9
PHI,Alec Bohm,3B,Batter,58.0,0.0,37.7,4.0,111.2,7.6,0,28.4,78.9
PHI,Brandon Marsh,CF,Batter,46.3,0.0,43.2,12.0,77.7,6.7,0,25.0,78.9
PHI,Whit Merrifield,2B,Batter,48.9,0.0,25.9,14.0,85.3,4.2,1,23.5,78.9
PHI,Johan Rojas,CF,Batter,33.5,0.0,19.0,17.2,45.5,5.9,1,16.6,78.9
PHI,Edmundo Sosa,3B,Batter,25.0,0.0,10.2,4.0,34.0,5.7,1,11.2,78.9
PHI,Cristian Pache,LF,Batter,21.4,0.0,14.6,2.0,26.6,2.8,1,10.1,78.9
PHI,Jordan Luplow,RF,Batter,18.2,0.0,10.2,0.8,15.9,4.5,1,8.1,78.9
PHI,Garrett Stubbs,C,Batter,16.6,0.0,8.8,2.8,18.0,4.2,1,7.6,78.9
PHI,Weston Wilson,3B,Batter,14.2,0.0,9.9,1.2,7.5,8.5,1,6.9,78.9
PHI,Rodolfo Castro,3B,Batter,14.4,0.0,5.9,-0.8,8.7,3.2,1,5.8,78.9
PHI,Scott Kingery,2B,Batter,14.9,0.0,4.8,0.8,12.7,0.0,1,5.8,78.9
PHI,Cal Stevenson,CF,Batter,11.7,0.0,5.2,0.8,3.1,12.0,1,5.5,78.9
PHI,Kody Clemens,1B,Batter,13.0,0.0,5.1,0.0,7.8,1.6,1,5.2,78.9
PHI,Darick Hall,1B,Batter,12.7,0.0,4.2,0.0,6.1,0.6,1,4.8,78.9
PHI,Cam Gallagher,C,Batter,11.3,0.0,4.5,0.0,9.9,1.5,1,4.6,78.9
PHI,Símon Muzziotti,CF,Batter,11.3,0.0,3.4,0.8,6.4,0.0,1,4.3,78.9
PHI,Aramis Garcia,C,Batter,11.1,0.0,2.4,0.0,6.8,0.0,1,4.0,78.9
PHI,Carlos De La Cruz,RF,Batter,10.5,0.0,2.3,0.0,3.5,0.0,1,3.7,78.9
PHI,David Dahl,LF,Batter,10.2,0.0,3.1,0.0,3.0,0.0,1,3.7,78.9
PHI,Rafael Marchán,C,Batter,9.7,0.0,3.1,0.0,4.9,0.0,1,3.6,78.9
PHI,Zack Wheeler,SP,Pitcher,0.0,55.9,20.8,0.0,63.4,0.0,1,22.5,78.9
PHI,Aaron Nola,SP,Pitcher,0.0,55.3,20.8,0.0,65.9,0.0,1,22.4,78.9
PHI,José Alvarado,RP,Pitcher,0.0,49.1,4.8,0.0,25.2,0.0,-1,16.4,78.9
PHI,Cristopher Sánchez,SP,Pitcher,0.0,40.6,16.0,0.0,44.2,0.0,1,16.4,78.9
PHI,Ranger Suárez,SP,Pitcher,0.0,39.0,12.8,0.0,40.4,0.0,0,15.2,78.9
PHI,Taijuan Walker,SP,Pitcher,0.0,34.3,16.0,0.0,38.3,0.0,0,14.2,78.9
PHI,Matt Strahm,RP,Pitcher,0.0,31.5,6.4,0.0,24.3,0.0,-1,11.3,78.9
PHI,Jeff Hoffman,RP,Pitcher,0.0,29.3,4.8,0.0,23.2,0.0,-1,10.4,78.9
PHI,Gregory Soto,RP,Pitcher,0.0,29.6,4.8,0.0,21.8,0.0,-1,10.4,78.9
PHI,Orion Kerkering,RP,Pitcher,0.0,29.2,4.8,0.0,20.5,0.0,-1,10.2,78.9
PHI,Seranthony Domínguez,RP,Pitcher,0.0,27.1,8.0,0.0,17.7,0.0,-1,10.0,78.9
PHI,Andrew Painter,SP,Pitcher,0.0,27.6,4.8,0.0,19.5,0.0,0,9.8,78.9
PHI,Connor Brogdon,RP,Pitcher,0.0,21.6,4.8,0.0,16.4,0.0,-1,7.8,78.9
PHI,Yunior Marte,RP,Pitcher,0.0,19.2,3.2,0.0,15.0,0.0,-1,6.8,78.9
PHI,Mick Abel,SP,Pitcher,0.0,15.0,3.2,0.0,12.5,0.0,0,5.5,78.9
PHI,Kolby Allard,SP,Pitcher,0.0,15.0,3.2,0.0,10.4,0.0,0,5.4,78.9
PHI,Dylan Covey,RP,Pitcher,0.0,15.0,3.2,0.0,9.9,0.0,1,5.4,78.9
PHI,Spencer Turnbull,SP,Pitcher,0.0,14.1,3.2,0.0,11.9,0.0,0,5.2,78.9
PHI,Nick Nelson,RP,Pitcher,0.0,13.5,3.2,0.0,8.6,0.0,0,4.9,78.9
PHI,Luis F. Ortiz,SP,Pitcher,0.0,14.3,1.6,0.0,6.9,0.0,0,4.8,78.9
PHI,José Ruiz,RP,Pitcher,0.0,14.1,1.6,0.0,7.2,0.0,0,4.8,78.9
PHI,Andrew Bellatti,RP,Pitcher,0.0,13.7,1.6,0.0,7.5,0.0,0,4.6,78.9
PHI,Michael Rucker,RP,Pitcher,0.0,13.3,1.6,0.0,6.9,0.0,0,4.5,78.9
PHI,Max Castillo,RP,Pitcher,0.0,13.0,1.6,0.0,4.8,0.0,0,4.3,78.9
PHI,Ryan Burr,RP,Pitcher,0.0,11.7,1.6,0.0,5.1,0.0,0,4.0,78.9
PHI,David Buchanan,SP,Pitcher,0.0,11.2,0.0,0.0,1.9,0.0,0,3.4,78.9
PHI,Michael Mercado,SP,Pitcher,0.0,9.8,1.6,0.0,3.5,0.0,0,3.3,78.9
PHI,Nick Snyder,RP,Pitcher,0.0,10.2,0.0,0.0,1.9,0.0,0,3.1,78.9
PHI,Griff McGarry,SP,Pitcher,0.0,8.7,0.0,0.0,3.1,0.0,0,2.7,78.9
PHI,Austin Brice,RP,Pitcher,0.0,5.3,0.0,0.0,3.0,0.0,0,1.7,78.9
PIT,Oneil Cruz,SS,Batter,75.2,0.0,68.6,21.6,114.8,7.0,-1,39.7,77.62
PIT,Bryan Reynolds,LF,Batter,68.9,0.0,46.6,12.8,121.8,8.5,0,34.2,77.62
PIT,Jack Suwinski,CF,Batter,63.9,0.0,47.6,9.6,89.1,8.8,0,31.3,77.62
PIT,Ke'Bryan Hayes,3B,Batter,60.4,0.0,39.5,15.6,109.6,2.3,0,29.9,77.62
PIT,Andrew McCutchen,DH,Batter,48.0,0.0,47.5,6.8,82.7,9.4,1,26.2,77.62
PIT,Henry Davis,C,Batter,46.0,0.0,32.8,3.6,72.3,8.3,1,22.6,77.62
PIT,Rowdy Tellez,1B,Batter,47.6,0.0,30.1,2.0,63.7,3.6,0,21.8,77.62
PIT,Liover Peguero,SS,Batter,41.6,0.0,22.3,12.4,66.3,2.9,1,19.8,77.62
PIT,Edward Olivares,LF,Batter,39.7,0.0,23.1,8.4,65.0,7.8,1,19.3,77.62
PIT,Michael A. Taylor,CF,Batter,42.3,0.0,20.7,8.0,61.8,4.2,0,19.2,77.62
PIT,Connor Joe,RF,Batter,32.5,0.0,29.7,2.8,60.6,8.6,1,17.6,77.62
PIT,Ji Hwan Bae,2B,Batter,31.1,0.0,20.9,12.0,51.0,4.5,1,15.9,77.62
PIT,Jared Triolo,3B,Batter,29.2,0.0,25.2,6.4,49.9,6.3,1,15.6,77.62
PIT,Yasmani Grandal,C,Batter,28.5,0.0,18.8,0.0,47.2,5.6,1,13.7,77.62
PIT,Endy Rodriguez,C,Batter,26.1,0.0,18.5,2.0,38.1,2.9,1,12.6,77.62
PIT,Joshua Palacios,RF,Batter,26.1,0.0,11.9,4.4,35.3,2.4,1,11.6,77.62
PIT,Nick Gonzales,2B,Batter,18.1,0.0,9.8,2.0,21.3,4.4,1,8.3,77.62
PIT,Canaan Smith-Njigba,RF,Batter,13.5,0.0,5.8,1.6,7.7,2.2,1,5.6,77.62
PIT,Jason Delay,C,Batter,12.5,0.0,6.6,0.0,11.0,3.6,1,5.5,77.62
PIT,Sergio Alcántara,3B,Batter,14.0,0.0,4.4,0.8,14.2,0.0,1,5.5,77.62
PIT,Seth Beer,1B,Batter,13.7,0.0,4.0,0.0,10.1,0.0,1,5.2,77.62
PIT,Billy McKinney,LF,Batter,12.6,0.0,6.0,0.0,6.1,3.3,1,5.2,77.62
PIT,Jake Lamb,3B,Batter,12.4,0.0,4.7,0.0,7.6,1.7,1,4.9,77.62
PIT,Alika Williams,SS,Batter,11.7,0.0,4.8,0.0,7.1,2.3,1,4.8,77.62
PIT,Gilberto Celestino,CF,Batter,10.8,0.0,3.3,0.8,6.4,0.0,1,4.1,77.62
PIT,Ali Sánchez,C,Batter,10.1,0.0,2.6,0.0,3.4,0.0,1,3.6,77.62
PIT,David Bednar,RP,Pitcher,0.0,57.3,6.4,0.0,24.9,0.0,-2,19.0,77.62
PIT,Mitch Keller,SP,Pitcher,0.0,47.0,17.6,0.0,55.3,0.0,1,19.0,77.62
PIT,Martín Pérez,SP,Pitcher,0.0,32.6,14.4,0.0,35.0,0.0,0,13.3,77.62
PIT,Aroldis Chapman,RP,Pitcher,0.0,36.7,4.8,0.0,26.7,0.0,-1,12.7,77.62
PIT,Domingo Germán,SP,Pitcher,0.0,28.0,6.4,0.0,25.8,0.0,0,10.4,77.62
PIT,Roansy Contreras,SP,Pitcher,0.0,26.6,6.4,0.0,27.0,0.0,1,10.1,77.62
PIT,Marco Gonzales,SP,Pitcher,0.0,24.1,11.2,0.0,23.9,0.0,0,9.9,77.62
PIT,Jared Jones,SP,Pitcher,0.0,24.7,8.0,0.0,25.3,0.0,0,9.6,77.62
PIT,Eric Lauer,SP,Pitcher,0.0,23.1,8.0,0.0,20.6,0.0,0,9.0,77.62
PIT,Quinn Priester,SP,Pitcher,0.0,23.0,8.0,0.0,22.2,0.0,0,9.0,77.62
PIT,Bailey Falter,RP,Pitcher,0.0,22.6,6.4,0.0,19.4,0.0,1,8.6,77.62
PIT,Colin Holderman,RP,Pitcher,0.0,23.8,3.2,0.0,17.6,0.0,-1,8.3,77.62
PIT,Carmen Mlodzinski,RP,Pitcher,0.0,21.8,4.8,0.0,16.5,0.0,-1,7.9,77.62
PIT,Ryan Borucki,RP,Pitcher,0.0,22.0,4.8,0.0,15.8,0.0,-1,7.9,77.62
PIT,Paul Skenes,SP,Pitcher,0.0,20.8,4.8,0.0,17.0,0.0,0,7.6,77.62
PIT,Jose Hernandez,RP,Pitcher,0.0,21.4,3.2,0.0,17.2,0.0,-1,7.5,77.62
PIT,Luis L. Ortiz,SP,Pitcher,0.0,19.1,6.4,0.0,18.7,0.0,0,7.4,77.62
PIT,Dauri Moreta,RP,Pitcher,0.0,19.4,3.2,0.0,8.8,0.0,0,6.6,77.62
PIT,Hunter Stratton,RP,Pitcher,0.0,16.5,3.2,0.0,10.1,0.0,1,5.9,77.62
PIT,JT Brubaker,SP,Pitcher,0.0,16.2,1.6,0.0,8.5,0.0,0,5.4,77.62
PIT,Josh Fleming,RP,Pitcher,0.0,14.3,4.8,0.0,10.0,0.0,0,5.4,77.62
PIT,Braxton Ashcraft,SP,Pitcher,0.0,15.5,1.6,0.0,8.8,0.0,0,5.3,77.62
PIT,Colin Selby,RP,Pitcher,0.0,15.6,1.6,0.0,8.8,0.0,0,5.3,77.62
PIT,Brent Honeywell,RP,Pitcher,0.0,13.8,3.2,0.0,9.8,0.0,1,5.1,77.62
PIT,Kyle Nicolas,RP,Pitcher,0.0,14.9,1.6,0.0,9.4,0.0,0,5.1,77.62
PIT,Michael Plassmeyer,SP,Pitcher,0.0,13.3,3.2,0.0,5.5,0.0,0,4.7,77.62
PIT,Wily Peralta,RP,Pitcher,0.0,13.8,1.6,0.0,4.8,0.0,0,4.6,77.62
PIT,Ben Heller,RP,Pitcher,0.0,13.6,1.6,0.0,4.4,0.0,0,4.5,77.62
PIT,Jackson Wolf,SP,Pitcher,0.0,12.6,1.6,0.0,4.4,0.0,0,4.2,77.62
PIT,Chase Anderson,SP,Pitcher,0.0,11.5,1.6,0.0,7.2,0.0,0,4.0,77.62
PIT,Ryder Ryan,RP,Pitcher,0.0,11.6,1.6,0.0,5.4,0.0,0,3.9,77.62
PIT,Johan Oviedo,SP,Pitcher,0.0,0.0,0.0,0.0,0.0,0.0,0,0.0,77.62
SD,Fernando Tatis Jr.,RF,Batter,92.9,0.0,46.5,24.8,136.4,5.4,0,42.7,70.23
SD,Manny Machado,3B,Batter,78.6,0.0,41.5,4.8,122.1,5.3,0,35.5,70.23
SD,Ha-Seong Kim,SS,Batter,62.3,0.0,48.7,20.8,103.9,6.8,0,32.4,70.23
SD,Xander Bogaerts,2B,Batter,62.0,0.0,43.6,11.2,125.8,9.4,0,31.8,70.23
SD,Jake Cronenworth,1B,Batter,52.0,0.0,46.7,10.8,102.5,13.6,0,28.7,70.23
SD,Jurickson Profar,LF,Batter,38.5,0.0,35.1,4.4,82.2,9.1,1,21.2,70.23
SD,Luis Campusano,C,Batter,44.3,0.0,21.3,2.0,77.1,8.3,0,20.4,70.23
SD,Jackson Merrill,CF,Batter,38.3,0.0,15.7,8.8,69.1,0.0,1,17.4,70.23
SD,José Azocar,RF,Batter,31.0,0.0,15.3,12.0,47.1,6.3,-1,14.9,70.23
SD,Kyle Higashioka,C,Batter,28.1,0.0,13.8,0.0,36.6,1.4,1,12.1,70.23
SD,Graham Pauley,3B,Batter,28.7,0.0,10.2,4.4,39.5,0.0,1,12.1,70.23
SD,Jakob Marsee,CF,Batter,25.3,0.0,8.1,6.8,33.5,0.0,1,10.7,70.23
SD,Matthew Batten,2B,Batter,17.0,0.0,10.5,1.6,19.0,5.2,1,8.0,70.23
SD,Eguy Rosario,3B,Batter,18.4,0.0,7.6,3.6,17.8,0.7,1,7.8,70.23
SD,Cal Mitchell,RF,Batter,16.4,0.0,10.7,0.8,11.3,8.0,1,7.7,70.23
SD,Brad Miller,DH,Batter,16.3,0.0,8.9,0.8,12.6,7.4,1,7.4,70.23
SD,Kevin Plawecki,C,Batter,15.5,0.0,4.9,0.0,19.0,0.0,1,6.2,70.23
SD,Oscar Mercado,CF,Batter,15.4,0.0,4.7,1.6,11.7,2.0,1,6.1,70.23
SD,Bryce Johnson,CF,Batter,13.9,0.0,6.2,2.4,10.9,2.4,1,6.0,70.23
SD,Tyler Wade,SS,Batter,14.1,0.0,4.3,3.2,9.8,2.5,1,5.8,70.23
SD,Tucupita Marcano,2B,Batter,13.4,0.0,4.9,0.8,11.0,3.2,1,5.6,70.23
SD,Brett Sullivan,C,Batter,13.3,0.0,5.2,0.8,9.5,1.7,1,5.4,70.23
SD,Nathan Martorella,1B,Batter,11.7,0.0,3.7,0.0,7.1,0.0,1,4.4,70.23
SD,Tirso Ornelas,RF,Batter,11.9,0.0,3.5,0.0,7.5,0.0,1,4.4,70.23
SD,Mason McCoy,SS,Batter,9.3,0.0,2.3,0.8,5.2,0.0,-1,3.3,70.23
SD,Chandler Seagle,C,Batter,8.0,0.0,2.7,0.0,4.9,0.0,1,3.0,70.23
SD,Dylan Cease,SP,Pitcher,0.0,55.3,16.0,0.0,66.4,0.0,1,21.7,70.23
SD,Yu Darvish,SP,Pitcher,0.0,46.0,17.6,0.0,52.5,0.0,0,18.5,70.23
SD,Michael King,RP,Pitcher,0.0,47.2,14.4,0.0,48.3,0.0,1,18.3,70.23
SD,Joe Musgrove,SP,Pitcher,0.0,45.6,16.0,0.0,48.6,0.0,0,18.0,70.23
SD,Robert Suarez,RP,Pitcher,0.0,45.9,6.4,0.0,21.7,0.0,-1,15.6,70.23
SD,Yuki Matsui,SP,Pitcher,0.0,34.4,3.2,0.0,22.5,0.0,-1,11.7,70.23
SD,Jhony Brito,SP,Pitcher,0.0,28.9,11.2,0.0,28.4,0.0,1,11.5,70.23
SD,Enyel De Los Santos,RP,Pitcher,0.0,25.9,4.8,0.0,19.9,0.0,-1,9.2,70.23
SD,Randy Vásquez,SP,Pitcher,0.0,24.1,6.4,0.0,21.5,0.0,0,9.1,70.23
SD,Wandy Peralta,RP,Pitcher,0.0,25.2,4.8,0.0,16.9,0.0,-1,8.9,70.23
SD,Woo-Suk Go,RP,Pitcher,0.0,24.8,3.2,0.0,19.1,0.0,-1,8.6,70.23
SD,Matt Waldron,SP,Pitcher,0.0,22.5,6.4,0.0,21.2,0.0,0,8.6,70.23
SD,Jeremiah Estrada,RP,Pitcher,0.0,22.5,3.2,0.0,17.8,0.0,-1,7.9,70.23
SD,Tom Cosgrove,RP,Pitcher,0.0,22.3,3.2,0.0,16.3,0.0,-1,7.8,70.23
SD,Pedro Avila,SP,Pitcher,0.0,20.6,4.8,0.0,17.0,0.0,1,7.6,70.23
SD,Adrian Morejon,SP,Pitcher,0.0,19.1,3.2,0.0,12.0,0.0,1,6.8,70.23
SD,Drew Carlton,RP,Pitcher,0.0,18.4,3.2,0.0,7.7,0.0,0,6.3,70.23
SD,Matt Festa,RP,Pitcher,0.0,18.2,1.6,0.0,9.1,0.0,0,6.1,70.23
SD,Alek Jacob,RP,Pitcher,0.0,17.2,3.2,0.0,9.2,0.0,0,6.0,70.23
SD,Stephen Kolek,SP,Pitcher,0.0,15.9,3.2,0.0,9.5,0.0,1,5.7,70.23
SD,Luis Patiño,RP,Pitcher,0.0,14.9,3.2,0.0,11.0,0.0,1,5.4,70.23
SD,Glenn Otto,SP,Pitcher,0.0,14.6,1.6,0.0,7.5,0.0,0,4.9,70.23
SD,Tommy Nance,RP,Pitcher,0.0,14.6,1.6,0.0,5.3,0.0,0,4.8,70.23
SD,Nick Hernandez,RP,Pitcher,0.0,13.4,1.6,0.0,7.5,0.0,0,4.6,70.23
SD,Logan Gillaspie,RP,Pitcher,0.0,13.8,1.6,0.0,4.1,0.0,0,4.5,70.23
SD,Kevin Kopps,RP,Pitcher,0.0,12.9,0.0,0.0,3.1,0.0,0,4.0,70.23
SD,Jay Groome,SP,Pitcher,0.0,11.4,1.6,0.0,6.3,0.0,0,3.9,70.23
SD,Sean Reynolds,RP,Pitcher,0.0,9.6,1.6,0.0,5.6,0.0,0,3.3,70.23
SD,Reiss Knehr,SP,Pitcher,0.0,8.3,1.6,0.0,6.5,0.0,0,3.0,70.23
SD,Ryan Bergert,SP,Pitcher,0.0,8.9,0.0,0.0,2.5,0.0,0,2.8,70.23
SD,Austin Davis,RP,Pitcher,0.0,8.3,0.0,0.0,2.2,0.0,0,2.6,70.23
SEA,Julio Rodríguez,CF,Batter,96.2,0.0,44.1,26.4,141.6,10.3,0,44.1,77.73
SEA,Jorge Polanco,2B,Batter,63.4,0.0,41.4,6.8,100.0,5.2,0,30.2,77.73
SEA,Cal Raleigh,C,Batter,62.5,0.0,39.7,2.0,90.4,3.3,0,28.7,77.73
SEA,J.P. Crawford,SS,Batter,46.2,0.0,60.7,3.6,114.8,9.6,0,28.6,77.73
SEA,Ty France,1B,Batter,51.0,0.0,37.2,2.0,111.4,28.6,0,27.8,77.73
SEA,Mitch Garver,C,Batter,51.3,0.0,35.9,0.8,74.0,8.0,1,24.5,77.73
SEA,Mitch Haniger,RF,Batter,51.9,0.0,28.9,2.0,82.5,4.9,0,23.8,77.73
SEA,Luke Raley,1B,Batter,50.7,0.0,23.7,8.4,71.1,15.5,1,23.6,77.73
SEA,Luis Urías,3B,Batter,37.3,0.0,31.4,2.8,63.2,23.1,0,20.5,77.73
SEA,Josh Rojas,3B,Batter,33.0,0.0,20.7,9.2,55.3,3.6,1,16.3,77.73
SEA,Dominic Canzone,LF,Batter,31.8,0.0,17.1,3.6,45.0,2.7,1,14.4,77.73
SEA,Dylan Moore,LF,Batter,30.0,0.0,16.7,8.0,33.6,6.7,1,14.1,77.73
SEA,Nick Solak,LF,Batter,25.3,0.0,5.7,4.0,39.8,0.0,1,10.4,77.73
SEA,Sam Haggerty,LF,Batter,20.2,0.0,12.5,6.4,18.8,7.5,1,9.9,77.73
SEA,Cade Marlowe,LF,Batter,20.3,0.0,13.1,4.4,21.3,3.3,1,9.6,77.73
SEA,Colin Moran,3B,Batter,20.6,0.0,5.8,0.0,22.0,0.0,1,8.0,77.73
SEA,Taylor Trammell,CF,Batter,16.7,0.0,9.7,1.6,12.3,4.9,1,7.5,77.73
SEA,Michael Chavis,2B,Batter,17.0,0.0,8.0,2.0,18.2,1.3,1,7.4,77.73
SEA,Seby Zavala,C,Batter,16.5,0.0,8.3,0.0,18.5,1.8,1,7.1,77.73
SEA,Samad Taylor,2B,Batter,13.7,0.0,5.0,2.4,6.8,2.7,1,5.6,77.73
SEA,Jonatan Clase,CF,Batter,13.0,0.0,3.1,3.2,7.8,0.0,1,5.0,77.73
SEA,Ryan Bliss,SS,Batter,13.1,0.0,3.2,2.4,8.7,0.0,1,5.0,77.73
SEA,Cole Tucker,SS,Batter,9.8,0.0,3.4,0.0,4.1,6.4,1,4.2,77.73
SEA,Blake Hunt,C,Batter,10.7,0.0,2.9,0.0,3.5,0.0,1,3.8,77.73
SEA,Michael Papierski,C,Batter,8.9,0.0,2.1,0.0,4.9,0.0,1,3.2,77.73
SEA,Luis Castillo,SP,Pitcher,0.0,55.8,20.8,0.0,63.7,0.0,1,22.4,77.73
SEA,George Kirby,SP,Pitcher,0.0,51.0,22.4,0.0,56.5,0.0,1,21.0,77.73
SEA,Logan Gilbert,SP,Pitcher,0.0,49.9,19.2,0.0,56.8,0.0,1,20.2,77.73
SEA,Andrés Muñoz,RP,Pitcher,0.0,57.4,6.4,0.0,25.7,0.0,-2,19.1,77.73
SEA,Bryce Miller,SP,Pitcher,0.0,43.3,17.6,0.0,47.3,0.0,0,17.5,77.73
SEA,Bryan Woo,SP,Pitcher,0.0,40.6,12.8,0.0,43.7,0.0,0,15.9,77.73
SEA,Matt Brash,RP,Pitcher,0.0,31.4,6.4,0.0,20.3,0.0,1,11.2,77.73
SEA,Gabe Speier,RP,Pitcher,0.0,26.8,3.2,0.0,18.9,0.0,-1,9.2,77.73
SEA,Gregory Santos,RP,Pitcher,0.0,26.6,3.2,0.0,16.8,0.0,-1,9.1,77.73
SEA,Ryne Stanek,RP,Pitcher,0.0,25.1,4.8,0.0,19.8,0.0,-1,9.0,77.73
SEA,Tayler Saucedo,RP,Pitcher,0.0,22.0,4.8,0.0,16.4,0.0,-1,7.9,77.73
SEA,Emerson Hancock,SP,Pitcher,0.0,20.2,6.4,0.0,17.2,0.0,0,7.7,77.73
SEA,Austin Voth,SP,Pitcher,0.0,20.3,4.8,0.0,16.4,0.0,1,7.5,77.73
SEA,Trent Thornton,RP,Pitcher,0.0,20.5,4.8,0.0,14.9,0.0,-1,7.4,77.73
SEA,Carlos Vargas,SP,Pitcher,0.0,19.9,3.2,0.0,14.2,0.0,1,7.1,77.73
SEA,Eduard Bazardo,RP,Pitcher,0.0,18.8,3.2,0.0,10.7,0.0,1,6.6,77.73
SEA,Tyson Miller,SP,Pitcher,0.0,16.6,3.2,0.0,9.5,0.0,1,5.9,77.73
SEA,Ty Adcock,SP,Pitcher,0.0,16.8,1.6,0.0,7.3,0.0,0,5.6,77.73
SEA,Cody Bolton,SP,Pitcher,0.0,15.9,1.6,0.0,6.9,0.0,0,5.3,77.73
SEA,Mauricio Llovera,RP,Pitcher,0.0,15.5,1.6,0.0,6.0,0.0,0,5.1,77.73
SEA,Collin Snider,RP,Pitcher,0.0,12.7,3.2,0.0,7.0,0.0,1,4.6,77.73
SEA,Kirby Snead,RP,Pitcher,0.0,13.6,1.6,0.0,4.4,0.0,0,4.5,77.73
SEA,Casey Lawrence,RP,Pitcher,0.0,12.8,1.6,0.0,5.4,0.0,0,4.3,77.73
SEA,Trevor Kelley,RP,Pitcher,0.0,12.2,1.6,0.0,3.5,0.0,0,4.0,77.73
SEA,Levi Stoudt,SP,Pitcher,0.0,11.0,1.6,0.0,6.0,0.0,0,3.8,77.73
SEA,Sean Poppen,RP,Pitcher,0.0,11.0,1.6,0.0,7.5,0.0,0,3.8,77.73
SEA,Ty Buttrey,RP,Pitcher,0.0,10.9,1.6,0.0,6.6,0.0,0,3.8,77.73
SEA,Jackson Kowar,RP,Pitcher,0.0,10.4,1.6,0.0,4.1,0.0,0,3.5,77.73
SEA,Jhonathan Diaz,SP,Pitcher,0.0,11.2,0.0,0.0,2.5,0.0,0,3.5,77.73
SEA,Cory Abbott,SP,Pitcher,0.0,9.7,1.6,0.0,4.4,0.0,0,3.3,77.73
SEA,Heath Hembree,RP,Pitcher,0.0,8.3,0.0,0.0,2.2,0.0,0,2.6,77.73
SEA,Jordan Holloway,RP,Pitcher,0.0,6.0,0.0,0.0,4.6,0.0,0,2.0,77.73
SEA,Joey Krehbiel,RP,Pitcher,0.0,4.7,1.6,0.0,5.3,0.0,0,1.9,77.73
SEA,Eric Stout,RP,Pitcher,0.0,5.3,0.0,0.0,4.8,0.0,0,1.8,77.73
SF,Jorge Soler,DH,Batter,65.9,0.0,44.8,2.0,101.4,9.0,0,31.4,70.0
SF,Matt Chapman,3B,Batter,56.7,0.0,47.6,5.2,100.9,9.3,0,29.3,70.0
SF,Thairo Estrada,2B,Batter,59.7,0.0,29.5,18.8,104.0,10.2,0,28.8,70.0
SF,LaMonte Wade Jr.,1B,Batter,46.0,0.0,42.8,4.8,80.9,11.1,0,24.7,70.0
SF,Mike Yastrzemski,CF,Batter,47.5,0.0,42.0,4.8,82.1,6.5,0,24.7,70.0
SF,Michael Conforto,RF,Batter,47.6,0.0,36.8,3.6,82.2,9.8,0,24.2,70.0
SF,Jung Hoo Lee,CF,Batter,46.8,0.0,26.6,10.4,106.8,0.0,1,23.2,70.0
SF,Marco Luciano,SS,Batter,40.4,0.0,34.9,5.2,68.7,2.4,0,20.7,70.0
SF,Wilmer Flores,1B,Batter,40.8,0.0,26.3,1.2,64.4,8.0,1,19.5,70.0
SF,Patrick Bailey,C,Batter,35.1,0.0,23.5,2.8,60.2,4.0,1,17.1,70.0
SF,Luis Matos,CF,Batter,32.0,0.0,22.2,9.6,52.9,8.3,1,16.5,70.0
SF,Austin Slater,CF,Batter,28.6,0.0,18.5,4.8,42.2,4.2,1,13.8,70.0
SF,Tom Murphy,C,Batter,26.8,0.0,13.2,0.8,34.8,2.5,1,11.7,70.0
SF,Nick Ahmed,SS,Batter,23.2,0.0,14.7,4.0,36.2,1.9,1,11.1,70.0
SF,Wade Meckler,CF,Batter,15.2,0.0,7.4,0.8,13.2,3.4,1,6.6,70.0
SF,Casey Schmitt,SS,Batter,15.5,0.0,6.2,0.8,14.1,3.2,1,6.5,70.0
SF,Blake Sabol,C,Batter,15.5,0.0,6.4,0.8,12.8,2.5,1,6.4,70.0
SF,Tyler Fitzgerald,SS,Batter,13.0,0.0,5.8,2.0,8.7,1.4,1,5.4,70.0
SF,Brett Wisely,2B,Batter,13.4,0.0,4.9,1.2,8.7,2.0,1,5.4,70.0
SF,Joey Bart,C,Batter,12.8,0.0,4.1,0.0,9.1,3.5,1,5.2,70.0
SF,Yoshi Tsutsugo,1B,Batter,13.6,0.0,2.5,0.0,12.9,0.0,1,5.0,70.0
SF,David Villar,2B,Batter,11.9,0.0,5.0,0.0,6.7,2.6,1,4.9,70.0
SF,Heliot Ramos,LF,Batter,12.3,0.0,4.5,0.8,5.7,1.5,1,4.8,70.0
SF,Otto Lopez,SS,Batter,11.3,0.0,2.7,0.8,7.4,0.0,1,4.2,70.0
SF,Yusniel Diaz,RF,Batter,11.0,0.0,3.0,0.8,8.6,0.0,1,4.2,70.0
SF,Cooper Hummel,C,Batter,10.4,0.0,3.1,0.8,4.1,2.8,1,4.1,70.0
SF,Logan Webb,SP,Pitcher,0.0,51.1,20.8,0.0,56.3,0.0,1,20.8,70.0
SF,Blake Snell,SP,Pitcher,0.0,53.2,16.0,0.0,59.4,0.0,0,20.7,70.0
SF,Camilo Doval,RP,Pitcher,0.0,57.5,8.0,0.0,25.6,0.0,-2,19.4,70.0
SF,Kyle Harrison,SP,Pitcher,0.0,45.0,11.2,0.0,50.4,0.0,0,17.2,70.0
SF,Jordan Hicks,SP,Pitcher,0.0,36.7,11.2,0.0,37.8,0.0,1,14.2,70.0
SF,Alex Cobb,SP,Pitcher,0.0,31.7,9.6,0.0,30.2,0.0,0,12.2,70.0
SF,Keaton Winn,SP,Pitcher,0.0,31.2,9.6,0.0,31.1,0.0,0,12.1,70.0
SF,Taylor Rogers,RP,Pitcher,0.0,29.0,8.0,0.0,22.1,0.0,-1,10.7,70.0
SF,Mason Black,SP,Pitcher,0.0,26.3,6.4,0.0,24.3,0.0,1,9.9,70.0
SF,Ryan Walker,RP,Pitcher,0.0,26.8,4.8,0.0,21.0,0.0,-1,9.6,70.0
SF,Luke Jackson,RP,Pitcher,0.0,24.7,4.8,0.0,18.9,0.0,-1,8.8,70.0
SF,Robbie Ray,SP,Pitcher,0.0,23.9,4.8,0.0,17.6,0.0,0,8.6,70.0
SF,Tyler Rogers,RP,Pitcher,0.0,23.6,4.8,0.0,15.7,0.0,-1,8.4,70.0
SF,Erik Miller,RP,Pitcher,0.0,19.6,3.2,0.0,16.5,0.0,1,7.1,70.0
SF,Tristan Beck,RP,Pitcher,0.0,18.9,4.8,0.0,14.3,0.0,0,7.0,70.0
SF,Spencer Howard,SP,Pitcher,0.0,19.3,3.2,0.0,13.8,0.0,1,6.9,70.0
SF,Kai-Wei Teng,SP,Pitcher,0.0,19.2,3.2,0.0,15.3,0.0,1,6.9,70.0
SF,Cole Waites,SP,Pitcher,0.0,18.0,4.8,0.0,14.4,0.0,1,6.8,70.0
SF,Ethan Small,RP,Pitcher,0.0,18.8,3.2,0.0,12.6,0.0,1,6.7,70.0
SF,Sean Hjelle,RP,Pitcher,0.0,14.8,3.2,0.0,9.5,0.0,0,5.3,70.0
SF,Cody Stashak,RP,Pitcher,0.0,14.9,1.6,0.0,8.8,0.0,1,5.1,70.0
SF,Daulton Jefferies,SP,Pitcher,0.0,13.8,3.2,0.0,7.3,0.0,0,4.9,70.0
SF,Jose Cruz,RP,Pitcher,0.0,14.3,1.6,0.0,7.2,0.0,0,4.8,70.0
SF,Thomas Szapucki,SP,Pitcher,0.0,13.9,1.6,0.0,3.8,0.0,0,4.5,70.0
SF,Randy Rodríguez,RP,Pitcher,0.0,12.9,1.6,0.0,6.6,0.0,0,4.4,70.0
SF,Blayne Enlow,SP,Pitcher,0.0,11.8,3.2,0.0,3.9,0.0,0,4.2,70.0
SF,Austin Warren,RP,Pitcher,0.0,12.2,1.6,0.0,4.4,0.0,0,4.1,70.0
SF,Carson Seymour,SP,Pitcher,0.0,11.2,3.2,0.0,3.6,0.0,0,4.0,70.0
SF,Nick Avila,RP,Pitcher,0.0,8.9,1.6,0.0,2.6,0.0,0,3.0,70.0
STL,Paul Goldschmidt,1B,Batter,72.6,0.0,56.6,7.2,129.0,7.1,0,36.6,69.03
STL,Nolan Arenado,3B,Batter,74.6,0.0,40.4,4.0,115.0,5.9,0,33.8,69.03
STL,Nolan Gorman,2B,Batter,69.6,0.0,40.5,4.8,98.0,6.3,0,31.7,69.03
STL,Jordan Walker,RF,Batter,59.2,0.0,36.8,9.2,103.8,8.4,0,28.8,69.03
STL,Willson Contreras,C,Batter,56.3,0.0,38.2,4.4,87.6,14.2,0,27.6,69.03
STL,Lars Nootbaar,CF,Batter,48.2,0.0,43.5,9.2,85.9,6.2,1,25.7,69.03
STL,Tommy Edman,SS,Batter,49.7,0.0,31.8,20.8,88.5,8.3,1,25.6,69.03
STL,Masyn Winn,SS,Batter,44.0,0.0,30.0,12.0,85.4,3.3,0,22.3,69.03
STL,Brendan Donovan,2B,Batter,39.7,0.0,31.0,6.0,87.5,13.6,1,21.7,69.03
STL,Dylan Carlson,CF,Batter,34.8,0.0,30.7,4.8,63.7,11.8,1,19.0,69.03
STL,Victor Scott II,CF,Batter,44.2,0.0,1.7,25.6,70.1,0.0,1,18.4,69.03
STL,Brandon Crawford,SS,Batter,31.4,0.0,17.8,3.6,43.7,4.8,1,14.5,69.03
STL,Matt Carpenter,DH,Batter,23.8,0.0,21.2,2.0,27.5,6.8,1,12.2,69.03
STL,Iván Herrera,C,Batter,23.3,0.0,16.5,1.6,32.6,10.5,1,11.8,69.03
STL,Alec Burleson,LF,Batter,23.4,0.0,12.1,0.8,30.2,5.8,1,10.6,69.03
STL,Luken Baker,1B,Batter,14.1,0.0,6.7,0.0,8.3,3.7,1,5.9,69.03
STL,Michael Siani,CF,Batter,12.8,0.0,5.4,0.8,6.8,8.0,1,5.7,69.03
STL,Alfonso Rivas III,1B,Batter,13.1,0.0,4.4,0.8,7.6,2.5,1,5.2,69.03
STL,Thomas Saggese,SS,Batter,13.4,0.0,4.2,0.8,9.0,0.0,1,5.1,69.03
STL,Jared Young,1B,Batter,11.7,0.0,3.9,0.0,5.6,2.3,1,4.6,69.03
STL,José Fermín,2B,Batter,10.3,0.0,4.0,0.0,5.2,6.8,1,4.5,69.03
STL,Moisés Gómez,LF,Batter,11.9,0.0,3.4,0.0,7.1,0.0,1,4.4,69.03
STL,Pedro Pagés,C,Batter,10.6,0.0,2.7,0.0,4.5,0.0,1,3.8,69.03
STL,Ryan Helsley,RP,Pitcher,0.0,55.1,8.0,0.0,25.1,0.0,-2,18.6,69.03
STL,Sonny Gray,SP,Pitcher,0.0,45.2,17.6,0.0,48.7,0.0,0,18.2,69.03
STL,Lance Lynn,SP,Pitcher,0.0,42.3,17.6,0.0,51.1,0.0,0,17.4,69.03
STL,Kyle Gibson,SP,Pitcher,0.0,37.8,16.0,0.0,44.3,0.0,1,15.6,69.03
STL,Steven Matz,SP,Pitcher,0.0,37.4,14.4,0.0,40.3,0.0,0,15.0,69.03
STL,Miles Mikolas,SP,Pitcher,0.0,36.2,16.0,0.0,40.4,0.0,1,14.9,69.03
STL,Giovanny Gallegos,RP,Pitcher,0.0,30.4,4.8,0.0,20.6,0.0,-1,10.6,69.03
STL,JoJo Romero,SP,Pitcher,0.0,28.6,6.4,0.0,20.0,0.0,-1,10.3,69.03
STL,Keynan Middleton,RP,Pitcher,0.0,24.9,4.8,0.0,18.6,0.0,-1,8.9,69.03
STL,Zack Thompson,SP,Pitcher,0.0,22.4,6.4,0.0,19.0,0.0,1,8.5,69.03
STL,Andrew Kittredge,RP,Pitcher,0.0,23.1,6.4,0.0,13.9,0.0,-1,8.4,69.03
STL,Matthew Liberatore,SP,Pitcher,0.0,21.0,4.8,0.0,16.8,0.0,1,7.7,69.03
STL,Nick Robertson,RP,Pitcher,0.0,21.2,3.2,0.0,13.8,0.0,1,7.4,69.03
STL,Andre Pallante,RP,Pitcher,0.0,20.2,4.8,0.0,13.8,0.0,-1,7.3,69.03
STL,Riley O'Brien,SP,Pitcher,0.0,20.5,3.2,0.0,14.8,0.0,1,7.3,69.03
STL,John King,RP,Pitcher,0.0,18.9,4.8,0.0,11.3,0.0,1,6.9,69.03
STL,Ryan Fernandez,RP,Pitcher,0.0,18.5,4.8,0.0,11.5,0.0,1,6.8,69.03
STL,Drew Rom,SP,Pitcher,0.0,17.2,3.2,0.0,10.1,0.0,1,6.1,69.03
STL,Packy Naughton,RP,Pitcher,0.0,16.2,1.6,0.0,4.5,0.0,0,5.3,69.03
STL,Connor Thomas,SP,Pitcher,0.0,14.9,1.6,0.0,5.4,0.0,0,4.9,69.03
STL,Ryan Loutos,SP,Pitcher,0.0,14.2,1.6,0.0,7.6,0.0,0,4.8,69.03
STL,Wilking Rodriguez,SP,Pitcher,0.0,13.8,1.6,0.0,4.7,0.0,0,4.6,69.03
STL,Michael McGreevy,SP,Pitcher,0.0,13.4,1.6,0.0,4.5,0.0,0,4.4,69.03
STL,Andre Granillo,RP,Pitcher,0.0,11.8,1.6,0.0,5.7,0.0,0,4.0,69.03
STL,Adam Kloffenstein,SP,Pitcher,0.0,11.8,0.0,0.0,3.7,0.0,0,3.7,69.03
STL,Sem Robberse,SP,Pitcher,0.0,11.0,0.0,0.0,2.2,0.0,0,3.4,69.03
STL,Gordon Graceffo,SP,Pitcher,0.0,9.8,0.0,0.0,2.5,0.0,0,3.0,69.03
TB,Randy Arozarena,LF,Batter,78.8,0.0,55.8,19.6,123.0,19.0,-1,40.0,73.3
TB,Josh Lowe,RF,Batter,68.2,0.0,36.3,22.8,99.2,2.9,0,31.9,73.3
TB,Isaac Paredes,3B,Batter,64.3,0.0,41.2,2.0,93.8,20.0,0,31.0,73.3
TB,Yandy Díaz,1B,Batter,55.2,0.0,48.0,2.0,121.3,12.4,0,29.8,73.3
TB,Jose Siri,CF,Batter,60.4,0.0,27.2,16.4,83.1,3.8,0,27.1,73.3
TB,Brandon Lowe,2B,Batter,55.4,0.0,36.6,5.2,79.7,8.0,1,26.4,73.3
TB,Junior Caminero,SS,Batter,47.7,0.0,20.4,5.6,72.3,1.9,1,20.9,73.3
TB,Amed Rosario,SS,Batter,40.2,0.0,24.0,13.2,78.1,3.9,1,20.2,73.3
TB,José Caballero,2B,Batter,35.8,0.0,21.4,15.6,46.7,17.5,1,18.5,73.3
TB,René Pinto,C,Batter,40.4,0.0,17.3,2.8,58.3,0.5,0,17.3,73.3
TB,Taylor Walls,3B,Batter,32.7,0.0,26.6,10.4,49.2,4.3,1,17.0,73.3
TB,Harold Ramírez,DH,Batter,33.5,0.0,18.8,2.8,55.8,5.4,1,15.8,73.3
TB,Jonathan Aranda,2B,Batter,28.9,0.0,23.1,2.0,42.3,7.7,1,14.6,73.3
TB,Jonny DeLuca,LF,Batter,27.2,0.0,13.9,4.4,31.9,2.8,1,12.1,73.3
TB,Curtis Mead,2B,Batter,23.2,0.0,15.1,2.8,30.9,6.0,1,11.2,73.3
TB,Richie Palacios,LF,Batter,18.8,0.0,10.8,3.6,21.9,5.1,1,8.9,73.3
TB,Alex Jackson,C,Batter,19.3,0.0,6.3,0.0,21.0,0.0,1,7.6,73.3
TB,Francisco Mejía,C,Batter,14.7,0.0,5.9,0.0,13.6,2.1,1,6.1,73.3
TB,Yu Chang,SS,Batter,15.5,0.0,5.0,0.8,12.8,1.4,1,6.1,73.3
TB,Osleivis Basabe,SS,Batter,11.9,0.0,4.2,0.8,6.5,1.3,1,4.7,73.3
TB,Austin Shenton,1B,Batter,11.3,0.0,3.3,0.0,4.1,0.0,1,4.1,73.3
TB,Rob Brantly,C,Batter,9.4,0.0,3.1,0.0,6.4,0.0,1,3.6,73.3
TB,Wander Franco,SS,Batter,0.0,0.0,0.0,0.0,0.0,0.0,1,0.1,73.3
TB,Zach Eflin,SP,Pitcher,0.0,48.8,19.2,0.0,53.4,0.0,0,19.6,73.3
TB,Pete Fairbanks,RP,Pitcher,0.0,56.7,6.4,0.0,24.4,0.0,-2,18.8,73.3
TB,Ryan Pepiot,SP,Pitcher,0.0,40.3,16.0,0.0,41.5,0.0,0,16.2,73.3
TB,Aaron Civale,SP,Pitcher,0.0,39.4,14.4,0.0,42.2,0.0,0,15.7,73.3
TB,Taj Bradley,SP,Pitcher,0.0,35.7,12.8,0.0,38.1,0.0,0,14.1,73.3
TB,Zack Littell,SP,Pitcher,0.0,33.2,12.8,0.0,35.9,0.0,1,13.4,73.3
TB,Shane Baz,SP,Pitcher,0.0,32.8,9.6,0.0,29.4,0.0,0,12.5,73.3
TB,Jason Adam,RP,Pitcher,0.0,34.8,4.8,0.0,21.9,0.0,-1,12.0,73.3
TB,Colin Poche,RP,Pitcher,0.0,27.2,6.4,0.0,20.0,0.0,-1,9.9,73.3
TB,Phil Maton,RP,Pitcher,0.0,26.7,4.8,0.0,21.1,0.0,-1,9.5,73.3
TB,Shawn Armstrong,RP,Pitcher,0.0,27.3,3.2,0.0,19.5,0.0,-1,9.4,73.3
TB,Garrett Cleavinger,RP,Pitcher,0.0,25.4,3.2,0.0,18.4,0.0,1,8.9,73.3
TB,Jeffrey Springs,SP,Pitcher,0.0,24.1,4.8,0.0,13.3,0.0,0,8.5,73.3
TB,Drew Rasmussen,SP,Pitcher,0.0,24.4,4.8,0.0,12.2,0.0,0,8.5,73.3
TB,Chris Devenski,RP,Pitcher,0.0,22.0,4.8,0.0,17.6,0.0,-1,8.0,73.3
TB,Jake Odorizzi,SP,Pitcher,0.0,19.5,6.4,0.0,15.3,0.0,0,7.4,73.3
TB,Tyler Alexander,SP,Pitcher,0.0,20.2,4.8,0.0,15.5,0.0,1,7.4,73.3
TB,Kevin Kelly,RP,Pitcher,0.0,20.9,3.2,0.0,12.4,0.0,1,7.3,73.3
TB,Manuel Rodríguez,RP,Pitcher,0.0,18.6,3.2,0.0,10.4,0.0,1,6.5,73.3
TB,Jacob Waguespack,SP,Pitcher,0.0,17.5,3.2,0.0,11.4,0.0,1,6.2,73.3
TB,Trevor Brigden,RP,Pitcher,0.0,16.5,3.2,0.0,8.8,0.0,0,5.8,73.3
TB,Jacob Lopez,SP,Pitcher,0.0,17.3,1.6,0.0,6.9,0.0,0,5.7,73.3
TB,Colby White,RP,Pitcher,0.0,15.6,1.6,0.0,8.1,0.0,0,5.3,73.3
TB,Erasmo Ramírez,SP,Pitcher,0.0,14.3,1.6,0.0,5.4,0.0,0,4.7,73.3
TB,Naoyuki Uwasawa,SP,Pitcher,0.0,13.6,1.6,0.0,6.0,0.0,0,4.5,73.3
TB,Edwin Uceta,RP,Pitcher,0.0,12.1,1.6,0.0,5.6,0.0,0,4.1,73.3
TB,Mason Montgomery,SP,Pitcher,0.0,11.4,1.6,0.0,5.7,0.0,0,3.9,73.3
TB,Burch Smith,RP,Pitcher,0.0,10.6,0.0,0.0,2.5,0.0,0,3.3,73.3
TB,Shane McClanahan,SP,Pitcher,0.0,0.0,0.0,0.0,0.0,0.0,0,0.0,73.3
TB,Brendan McKay,SP,Pitcher,0.0,0.0,0.0,0.0,0.0,0.0,0,0.0,73.3
TEX,Adolis García,RF,Batter,85.4,0.0,49.7,12.8,122.4,7.6,-1,39.5,79.34
TEX,Marcus Semien,2B,Batter,78.6,0.0,53.0,15.2,139.6,9.2,-1,39.0,79.34
TEX,Evan Carter,CF,Batter,66.9,0.0,60.2,24.4,109.9,4.6,-1,35.8,79.34
TEX,Corey Seager,SS,Batter,75.1,0.0,46.7,2.4,124.4,7.3,0,35.3,79.34
TEX,Nathaniel Lowe,1B,Batter,56.7,0.0,51.5,4.8,109.6,8.0,0,30.1,79.34
TEX,Wyatt Langford,LF,Batter,68.7,0.0,20.7,17.6,107.5,0.0,1,29.5,79.34
TEX,Josh Jung,3B,Batter,64.0,0.0,34.4,1.2,107.6,5.5,0,29.2,79.34
TEX,Leody Taveras,CF,Batter,52.5,0.0,33.3,14.4,91.5,3.0,0,25.8,79.34
TEX,Jonah Heim,C,Batter,51.7,0.0,34.2,2.8,82.2,4.3,0,24.5,79.34
TEX,Ezequiel Duran,SS,Batter,37.4,0.0,19.8,5.2,59.3,5.4,1,17.4,79.34
TEX,Jared Walsh,1B,Batter,26.2,0.0,12.7,0.8,30.3,3.3,1,11.4,79.34
TEX,Travis Jankowski,LF,Batter,21.0,0.0,14.4,7.6,28.3,7.5,1,10.8,79.34
TEX,Josh Smith,SS,Batter,20.1,0.0,13.3,3.6,23.9,8.9,1,10.0,79.34
TEX,Justin Foscue,2B,Batter,20.9,0.0,8.3,2.8,26.9,0.0,1,8.9,79.34
TEX,Andrew Knizner,C,Batter,20.5,0.0,8.8,0.8,23.5,3.2,1,8.8,79.34
TEX,Jose Barrero,SS,Batter,16.0,0.0,8.3,1.6,14.9,2.8,1,7.1,79.34
TEX,Sam Huff,C,Batter,15.7,0.0,5.9,0.0,11.3,1.1,1,6.2,79.34
TEX,Jonathan Ornelas,3B,Batter,12.7,0.0,2.6,0.8,5.7,3.2,1,4.8,79.34
TEX,Derek Hill,CF,Batter,11.8,0.0,3.7,0.8,6.7,1.8,1,4.6,79.34
TEX,Alex De Goti,SS,Batter,11.9,0.0,3.2,0.8,8.6,0.0,1,4.5,79.34
TEX,Dustin Harris,LF,Batter,11.5,0.0,3.2,0.8,4.1,0.0,1,4.2,79.34
TEX,Andrew Knapp,C,Batter,7.0,0.0,1.8,0.0,1.5,0.0,1,2.5,79.34
TEX,Nathan Eovaldi,SP,Pitcher,0.0,44.0,17.6,0.0,48.9,0.0,0,17.8,79.34
TEX,Jon Gray,SP,Pitcher,0.0,41.0,14.4,0.0,46.4,0.0,0,16.3,79.34
TEX,Andrew Heaney,SP,Pitcher,0.0,38.7,12.8,0.0,43.7,0.0,0,15.3,79.34
TEX,Dane Dunning,SP,Pitcher,0.0,37.7,14.4,0.0,42.6,0.0,1,15.2,79.34
TEX,José Leclerc,RP,Pitcher,0.0,43.8,4.8,0.0,22.2,0.0,-1,14.7,79.34
TEX,David Robertson,RP,Pitcher,0.0,35.4,4.8,0.0,21.7,0.0,-1,12.2,79.34
TEX,Max Scherzer,SP,Pitcher,0.0,32.2,8.0,0.0,27.7,0.0,0,12.0,79.34
TEX,Michael Lorenzen,SP,Pitcher,0.0,28.8,11.2,0.0,28.1,0.0,0,11.4,79.34
TEX,Jacob deGrom,SP,Pitcher,0.0,31.8,4.8,0.0,18.5,0.0,0,11.0,79.34
TEX,Josh Sborz,RP,Pitcher,0.0,28.6,6.4,0.0,22.7,0.0,-1,10.4,79.34
TEX,Kirby Yates,RP,Pitcher,0.0,26.4,4.8,0.0,21.9,0.0,-1,9.5,79.34
TEX,Brock Burke,RP,Pitcher,0.0,24.7,4.8,0.0,18.9,0.0,-1,8.8,79.34
TEX,Cody Bradford,RP,Pitcher,0.0,22.6,8.0,0.0,20.3,0.0,1,8.8,79.34
TEX,Marc Church,RP,Pitcher,0.0,20.5,6.4,0.0,16.7,0.0,-1,7.7,79.34
TEX,Grant Anderson,RP,Pitcher,0.0,20.2,3.2,0.0,15.1,0.0,1,7.2,79.34
TEX,Jacob Latz,SP,Pitcher,0.0,19.4,3.2,0.0,13.5,0.0,1,6.9,79.34
TEX,Diego Castillo,RP,Pitcher,0.0,19.1,3.2,0.0,8.0,0.0,0,6.5,79.34
TEX,Jonathan Hernández,RP,Pitcher,0.0,17.6,3.2,0.0,12.0,0.0,1,6.3,79.34
TEX,Tyler Mahle,SP,Pitcher,0.0,18.0,3.2,0.0,10.4,0.0,0,6.3,79.34
TEX,Chasen Shreve,RP,Pitcher,0.0,17.4,1.6,0.0,11.5,0.0,1,6.0,79.34
TEX,Danny Duffy,SP,Pitcher,0.0,16.1,3.2,0.0,11.9,0.0,1,5.8,79.34
TEX,Yerry Rodríguez,SP,Pitcher,0.0,16.9,1.6,0.0,8.8,0.0,0,5.7,79.34
TEX,Owen White,SP,Pitcher,0.0,15.7,3.2,0.0,12.3,0.0,0,5.7,79.34
TEX,Austin Pruitt,RP,Pitcher,0.0,14.3,3.2,0.0,7.7,0.0,0,5.1,79.34
TEX,Carson Coleman,RP,Pitcher,0.0,14.3,1.6,0.0,7.5,0.0,0,4.8,79.34
TEX,Antoine Kelly,SP,Pitcher,0.0,12.7,1.6,0.0,7.2,0.0,0,4.3,79.34
TEX,Shane Greene,RP,Pitcher,0.0,11.9,1.6,0.0,7.2,0.0,0,4.1,79.34
TEX,José Ureña,SP,Pitcher,0.0,10.6,1.6,0.0,5.4,0.0,0,3.7,79.34
TEX,Jesus Tinoco,RP,Pitcher,0.0,11.0,1.6,0.0,4.7,0.0,0,3.7,79.34
TEX,Adrian Sampson,SP,Pitcher,0.0,10.8,1.6,0.0,2.9,0.0,0,3.6,79.34
TEX,Zak Kent,SP,Pitcher,0.0,10.4,0.0,0.0,3.4,0.0,0,3.3,79.34
TEX,Cole Winn,SP,Pitcher,0.0,8.7,1.6,0.0,6.0,0.0,0,3.1,79.34
TEX,Jack Leiter,SP,Pitcher,0.0,7.7,1.6,0.0,5.3,0.0,0,2.8,79.34
TEX,Blake Taylor,RP,Pitcher,0.0,8.1,0.0,0.0,2.2,0.0,0,2.5,79.34
TOR,Vladimir Guerrero Jr.,1B,Batter,81.0,0.0,50.3,4.4,133.2,12.6,-1,38.5,74.79
TOR,Bo Bichette,SS,Batter,71.5,0.0,37.4,8.4,134.3,3.5,0,33.4,74.79
TOR,George Springer,RF,Batter,66.4,0.0,40.5,12.0,114.4,7.1,0,32.1,74.79
TOR,Daulton Varsho,LF,Batter,64.4,0.0,37.8,12.8,97.7,5.9,-1,30.3,74.79
TOR,Justin Turner,DH,Batter,54.7,0.0,36.5,2.0,96.7,10.8,0,26.8,74.79
TOR,Davis Schneider,2B,Batter,47.6,0.0,39.2,5.2,69.5,13.9,1,24.5,74.79
TOR,Danny Jansen,C,Batter,47.2,0.0,23.3,0.8,58.9,11.6,1,21.0,74.79
TOR,Kevin Kiermaier,CF,Batter,38.0,0.0,28.8,13.2,71.8,5.7,0,20.1,74.79
TOR,Alejandro Kirk,C,Batter,37.1,0.0,27.8,0.0,66.2,11.9,1,18.9,74.79
TOR,Cavan Biggio,2B,Batter,34.1,0.0,29.4,3.6,60.0,8.9,1,18.1,74.79
TOR,Isiah Kiner-Falefa,SS,Batter,32.8,0.0,20.8,9.2,56.3,5.8,1,16.5,74.79
TOR,Joey Votto,1B,Batter,34.2,0.0,21.5,1.2,41.4,9.5,1,16.0,74.79
TOR,Eduardo Escobar,3B,Batter,26.3,0.0,10.9,2.0,34.9,2.0,1,11.3,74.79
TOR,Orelvis Martinez,SS,Batter,20.5,0.0,6.6,0.8,20.0,0.0,1,8.0,74.79
TOR,Daniel Vogelbach,DH,Batter,16.1,0.0,7.9,0.0,11.0,3.6,1,6.8,74.79
TOR,Ernie Clement,2B,Batter,16.0,0.0,6.0,1.6,17.4,2.0,1,6.7,74.79
TOR,Nathan Lukes,RF,Batter,14.5,0.0,8.5,0.8,12.6,3.5,1,6.5,74.79
TOR,Spencer Horwitz,1B,Batter,14.9,0.0,6.7,0.8,10.7,3.5,1,6.3,74.79
TOR,Damiano Palmegiani,3B,Batter,12.2,0.0,3.5,0.0,7.1,0.0,1,4.5,74.79
TOR,Addison Barger,3B,Batter,11.4,0.0,3.6,0.0,7.1,0.0,1,4.3,74.79
TOR,Brian Serven,C,Batter,10.3,0.0,2.9,0.0,5.0,0.0,1,3.8,74.79
TOR,Cam Eden,CF,Batter,8.9,0.0,2.6,0.8,3.0,0.0,1,3.3,74.79
TOR,Payton Henry,C,Batter,7.6,0.0,2.0,0.0,1.5,0.0,1,2.7,74.79
TOR,Kevin Gausman,SP,Pitcher,0.0,58.7,19.2,0.0,67.7,0.0,0,23.2,74.79
TOR,Chris Bassitt,SP,Pitcher,0.0,47.7,20.8,0.0,54.5,0.0,1,19.7,74.79
TOR,Jordan Romano,RP,Pitcher,0.0,58.4,8.0,0.0,24.7,0.0,-2,19.6,74.79
TOR,José Berríos,SP,Pitcher,0.0,46.5,19.2,0.0,54.5,0.0,1,19.1,74.79
TOR,Yusei Kikuchi,SP,Pitcher,0.0,43.0,14.4,0.0,50.0,0.0,1,17.1,74.79
TOR,Alek Manoah,SP,Pitcher,0.0,31.1,11.2,0.0,33.6,0.0,0,12.3,74.79
TOR,Erik Swanson,RP,Pitcher,0.0,30.5,4.8,0.0,21.8,0.0,-1,10.7,74.79
TOR,Yimi García,RP,Pitcher,0.0,29.1,6.4,0.0,20.9,0.0,-1,10.5,74.79
TOR,Tim Mayza,RP,Pitcher,0.0,25.4,4.8,0.0,16.8,0.0,-1,9.0,74.79
TOR,Trevor Richards,RP,Pitcher,0.0,25.7,3.2,0.0,21.1,0.0,-1,9.0,74.79
TOR,Rowan Wick,RP,Pitcher,0.0,24.9,4.8,0.0,19.6,0.0,-1,8.9,74.79
TOR,Matt Wisler,RP,Pitcher,0.0,25.1,4.8,0.0,14.9,0.0,1,8.9,74.79
TOR,Chad Green,RP,Pitcher,0.0,24.1,6.4,0.0,14.0,0.0,1,8.8,74.79
TOR,Bowden Francis,RP,Pitcher,0.0,22.6,4.8,0.0,18.9,0.0,1,8.3,74.79
TOR,Ricky Tiedemann,SP,Pitcher,0.0,22.6,4.8,0.0,16.7,0.0,0,8.2,74.79
TOR,Yariel Rodriguez,RP,Pitcher,0.0,22.2,4.8,0.0,19.8,0.0,1,8.2,74.79
TOR,Génesis Cabrera,RP,Pitcher,0.0,21.8,4.8,0.0,17.3,0.0,-1,7.9,74.79
TOR,Nate Pearson,SP,Pitcher,0.0,18.4,4.8,0.0,11.7,0.0,1,6.8,74.79
TOR,Mitch White,SP,Pitcher,0.0,17.0,3.2,0.0,14.4,0.0,1,6.2,74.79
TOR,Zach Thompson,RP,Pitcher,0.0,16.6,3.2,0.0,10.5,0.0,0,5.9,74.79
TOR,Zach Pop,RP,Pitcher,0.0,16.6,1.6,0.0,7.3,0.0,0,5.5,74.79
TOR,Hagen Danner,RP,Pitcher,0.0,16.0,1.6,0.0,7.2,0.0,0,5.3,74.79
TOR,Wes Parsons,RP,Pitcher,0.0,14.5,1.6,0.0,6.0,0.0,0,4.8,74.79
TOR,Connor Cooke,SP,Pitcher,0.0,14.0,1.6,0.0,3.2,0.0,0,4.6,74.79
TOR,Hayden Juenger,RP,Pitcher,0.0,14.1,1.6,0.0,4.1,0.0,0,4.6,74.79
TOR,Yosver Zulueta,RP,Pitcher,0.0,13.1,1.6,0.0,6.0,0.0,0,4.4,74.79
TOR,T.J. Brock,RP,Pitcher,0.0,12.8,1.6,0.0,4.4,0.0,0,4.3,74.79
TOR,Brendon Little,SP,Pitcher,0.0,12.7,1.6,0.0,5.4,0.0,0,4.3,74.79
TOR,Chad Dallas,SP,Pitcher,0.0,10.0,0.0,0.0,1.6,0.0,0,3.1,74.79
TOR,Matt Peacock,RP,Pitcher,0.0,6.9,1.6,0.0,5.7,0.0,0,2.5,74.79
TOR,Paul Fry,RP,Pitcher,0.0,6.7,1.6,0.0,6.1,0.0,0,2.5,74.79
TOR,Paolo Espino,RP,Pitcher,0.0,6.1,1.6,0.0,3.5,0.0,0,2.2,74.79
TOR,Luke Bard,RP,Pitcher,0.0,5.7,0.0,0.0,3.3,0.0,0,1.8,74.79
WSH,CJ Abrams,SS,Batter,68.2,0.0,36.5,33.2,111.0,12.7,0,34.1,55.59
WSH,Lane Thomas,RF,Batter,68.0,0.0,37.0,14.8,117.1,9.8,0,32.6,55.59
WSH,Joey Meneses,1B,Batter,52.2,0.0,34.3,2.0,100.2,5.7,0,25.4,55.59
WSH,Keibert Ruiz,C,Batter,48.5,0.0,29.1,1.2,87.9,9.1,0,23.3,55.59
WSH,Joey Gallo,LF,Batter,49.7,0.0,34.1,2.4,61.6,4.3,0,23.0,55.59
WSH,Luis García Jr.,2B,Batter,42.1,0.0,29.1,7.2,81.9,3.3,1,21.2,55.59
WSH,Victor Robles,CF,Batter,36.7,0.0,27.2,13.6,61.7,14.6,1,19.9,55.59
WSH,Nick Senzel,3B,Batter,35.2,0.0,24.3,6.0,63.7,3.6,1,17.6,55.59
WSH,Stone Garrett,LF,Batter,35.3,0.0,22.8,4.4,47.0,5.1,1,16.7,55.59
WSH,Jesse Winker,DH,Batter,32.1,0.0,27.0,0.0,51.9,9.3,1,16.6,55.59
WSH,Ildemaro Vargas,3B,Batter,22.0,0.0,15.7,2.0,35.9,8.3,1,11.3,55.59
WSH,Alex Call,CF,Batter,21.4,0.0,15.1,1.6,26.9,7.3,1,10.5,55.59
WSH,Carter Kieboom,3B,Batter,21.9,0.0,11.0,0.8,28.4,3.2,1,9.7,55.59
WSH,Riley Adams,C,Batter,20.9,0.0,12.6,1.2,24.9,3.4,1,9.6,55.59
WSH,Dylan Crews,CF,Batter,21.1,0.0,7.0,2.4,28.2,0.0,1,8.8,55.59
WSH,James Wood,CF,Batter,19.3,0.0,7.2,2.8,19.3,0.0,1,7.9,55.59
WSH,Jake Alu,3B,Batter,16.0,0.0,7.6,1.6,16.0,3.8,1,7.1,55.59
WSH,Jacob Young,RF,Batter,16.0,0.0,6.5,3.2,13.7,4.5,1,7.0,55.59
WSH,Juan Yepez,LF,Batter,15.5,0.0,6.2,0.0,10.3,2.5,1,6.2,55.59
WSH,Travis Blankenhorn,2B,Batter,12.2,0.0,6.4,0.0,5.3,8.0,1,5.5,55.59
WSH,Nasim Nuñez,SS,Batter,12.3,0.0,2.7,3.2,11.1,0.0,1,4.9,55.59
WSH,Drew Millas,C,Batter,10.7,0.0,4.9,0.0,6.0,6.7,1,4.8,55.59
WSH,Lewin Díaz,1B,Batter,12.4,0.0,3.6,0.0,6.5,0.0,1,4.6,55.59
WSH,Brady House,SS,Batter,12.0,0.0,3.4,0.0,6.4,0.0,1,4.4,55.59
WSH,Israel Pineda,C,Batter,8.0,0.0,2.7,0.0,1.9,0.0,1,2.9,55.59
WSH,MacKenzie Gore,SP,Pitcher,0.0,42.2,14.4,0.0,49.3,0.0,0,16.8,55.59
WSH,Josiah Gray,SP,Pitcher,0.0,38.1,12.8,0.0,45.9,0.0,0,15.2,55.59
WSH,Kyle Finnegan,RP,Pitcher,0.0,42.0,8.0,0.0,21.2,0.0,-1,14.6,55.59
WSH,Hunter Harvey,RP,Pitcher,0.0,37.3,4.8,0.0,20.6,0.0,-1,12.7,55.59
WSH,Patrick Corbin,SP,Pitcher,0.0,29.8,14.4,0.0,38.9,0.0,1,12.7,55.59
WSH,Jake Irvin,SP,Pitcher,0.0,27.4,8.0,0.0,30.9,0.0,0,10.6,55.59
WSH,Dylan Floro,RP,Pitcher,0.0,25.2,6.4,0.0,15.5,0.0,-1,9.1,55.59
WSH,Trevor Williams,SP,Pitcher,0.0,23.1,6.4,0.0,25.5,0.0,1,9.0,55.59
WSH,Robert Garcia,RP,Pitcher,0.0,22.4,4.8,0.0,18.5,0.0,-1,8.1,55.59
WSH,Jordan Weems,RP,Pitcher,0.0,22.1,4.8,0.0,19.4,0.0,-1,8.1,55.59
WSH,Tanner Rainey,RP,Pitcher,0.0,21.3,3.2,0.0,13.3,0.0,1,7.5,55.59
WSH,Stephen Nogosek,RP,Pitcher,0.0,20.9,3.2,0.0,14.7,0.0,1,7.4,55.59
WSH,Zach Davies,SP,Pitcher,0.0,18.4,4.8,0.0,20.4,0.0,0,7.1,55.59
WSH,Derek Law,RP,Pitcher,0.0,18.3,4.8,0.0,13.9,0.0,1,6.8,55.59
WSH,Jackson Rutledge,SP,Pitcher,0.0,17.1,4.8,0.0,17.4,0.0,0,6.5,55.59
WSH,Jose A. Ferrer,RP,Pitcher,0.0,17.7,3.2,0.0,12.0,0.0,1,6.3,55.59
WSH,Mason Thompson,RP,Pitcher,0.0,17.2,3.2,0.0,12.4,0.0,1,6.2,55.59
WSH,Joan Adon,SP,Pitcher,0.0,16.9,3.2,0.0,15.1,0.0,1,6.2,55.59
WSH,Richard Bleier,RP,Pitcher,0.0,15.1,3.2,0.0,8.7,0.0,1,5.4,55.59
WSH,Joe La Sorsa,RP,Pitcher,0.0,14.9,1.6,0.0,7.9,0.0,1,5.1,55.59
WSH,Zach Brzykcy,RP,Pitcher,0.0,14.4,1.6,0.0,6.0,0.0,0,4.8,55.59
WSH,Spenser Watkins,SP,Pitcher,0.0,12.8,3.2,0.0,8.3,0.0,0,4.7,55.59
WSH,Thaddeus Ward,SP,Pitcher,0.0,13.2,1.6,0.0,7.5,0.0,0,4.5,55.59
WSH,Amos Willingham,RP,Pitcher,0.0,11.6,1.6,0.0,7.2,0.0,1,4.1,55.59
WSH,DJ Herz,SP,Pitcher,0.0,11.4,1.6,0.0,5.3,0.0,0,3.9,55.59
WSH,Robert Gsellman,RP,Pitcher,0.0,10.8,1.6,0.0,7.5,0.0,1,3.8,55.59
WSH,Jacob Barnes,RP,Pitcher,0.0,10.8,1.6,0.0,3.8,0.0,0,3.6,55.59
WSH,Mitchell Parker,SP,Pitcher,0.0,10.4,1.6,0.0,4.1,0.0,0,3.5,55.59
WSH,Rico Garcia,SP,Pitcher,0.0,7.4,1.6,0.0,5.6,0.0,0,2.7,55.59
WSH,Cade Cavalli,SP,Pitcher,0.0,5.0,3.2,0.0,7.5,0.0,0,2.3,55.59
WSH,Stephen Strasburg,SP,Pitcher,0.0,0.0,0.0,0.0,0.0,0.0,0,0.0,55.59
